DataName, VB, IT, IB, IC, VT, beta, Rpt100
DataValue,0.5,0.001,6.1195e-10,3.32752e-07,0.1122145,543.75684287932,112.2145
DataValue,0.501,0.001,6.32966e-10,3.445050000000001e-07,0.112212,544.270940303271,112.212
DataValue,0.502,0.001,6.529700000000001e-10,3.57324e-07,0.112213,547.228816025238,112.213
DataValue,0.503,0.001,6.74877e-10,3.71101e-07,0.112216,549.879459516327,112.216
DataValue,0.504,0.001,6.99524e-10,3.8609e-07,0.1122215,551.932456927854,112.2215
DataValue,0.505,0.001,7.22915e-10,4.00764e-07,0.1122195,554.37222910024,112.2195
DataValue,0.506,0.001,7.46216e-10,4.16049e-07,0.112217,557.545000375226,112.217
DataValue,0.507,0.001,7.73761e-10,4.325e-07,0.112219,558.958127897374,112.219
DataValue,0.508,0.001,8.00018e-10,4.48914e-07,0.1122205,561.129874577822,112.2205
DataValue,0.509,0.001,8.26595e-10,4.6626799999999995e-07,0.112218,564.082773304944,112.218
DataValue,0.51,0.001,8.55923e-10,4.853240000000002e-07,0.1122195,567.018294869983,112.2195
DataValue,0.511,0.001,8.857e-10,5.035689999999999e-07,0.1122205,568.554815400248,112.2205
DataValue,0.512,0.001,9.15858e-10,5.226099999999999e-07,0.1122165,570.6233935828479,112.2165
DataValue,0.513,0.001,9.48094e-10,5.439169999999999e-07,0.112219,573.695224313201,112.219
DataValue,0.514,0.001,9.79752e-10,5.64414e-07,0.1122195,576.078436175685,112.2195
DataValue,0.515,0.001,1.014126e-09,5.85867e-07,0.1122235,577.706320516386,112.22350000000002
DataValue,0.516,0.001,1.0514699999999999e-09,6.09908e-07,0.112222,580.052688141364,112.222
DataValue,0.517,0.001,1.08571e-09,6.33027e-07,0.1122225,583.053485737444,112.2225
DataValue,0.518,0.001,1.12236e-09,6.56935e-07,0.1122205,585.315763213229,112.2205
DataValue,0.519,0.001,1.1641300000000002e-09,6.83286e-07,0.112221,586.949911092404,112.221
DataValue,0.52,0.001,1.20433e-09,7.09275e-07,0.112221,588.937417485241,112.221
DataValue,0.521,0.001,1.24421e-09,7.36557e-07,0.1122165,591.987686966026,112.2165
DataValue,0.522,0.001,1.2900100000000002e-09,7.66338e-07,0.1122185,594.055860032093,112.2185
DataValue,0.523,0.001,1.33495e-09,7.95078e-07,0.1122195,595.5863515487471,112.2195
DataValue,0.524,0.001,1.3811e-09,8.25296e-07,0.112225,597.5642603721669,112.225
DataValue,0.525,0.001,1.43142e-09,8.59119e-07,0.11222,600.186528063042,112.22
DataValue,0.526,0.001,1.47872e-09,8.91248e-07,0.112219,602.7158623674529,112.219
DataValue,0.527,0.001,1.53138e-09,9.25311e-07,0.112226,604.233436508247,112.226
DataValue,0.528,0.001,1.58904e-09,9.62925e-07,0.1122235,605.9790817097111,112.22350000000002
DataValue,0.529,0.001,1.64261e-09,9.99584e-07,0.112223,608.533979459519,112.223
DataValue,0.53,0.001,1.69928e-09,1.037258e-06,0.1122205,610.410291417542,112.2205
DataValue,0.531,0.001,1.76267e-09,1.07949e-06,0.1122185,612.417525685466,112.2185
DataValue,0.532,0.001,1.82367e-09,1.1203e-06,0.112218,614.3107031425641,112.218
DataValue,0.533,0.001,1.8878e-09,1.16455e-06,0.1122195,616.882084966628,112.2195
DataValue,0.534,0.001,1.95787e-09,1.21075e-06,0.1122175,618.401630343179,112.2175
DataValue,0.535,0.001,2.02436e-09,1.25629e-06,0.1122165,620.586259360983,112.2165
DataValue,0.536,0.001,2.09581e-09,1.30427e-06,0.112217,622.322634208254,112.217
DataValue,0.537,0.001,2.17025e-09,1.35256e-06,0.1122215,623.227738739776,112.2215
DataValue,0.538,0.001,2.25136e-09,1.4083799999999998e-06,0.11222,625.56854523488,112.22
DataValue,0.539,0.001,2.32893e-09,1.46189e-06,0.112217,627.708862009592,112.217
DataValue,0.54,0.001,2.4102e-09,1.5164999999999998e-06,0.112215,629.200896191187,112.215
DataValue,0.541,0.001,2.50101e-09,1.5787e-06,0.1122205,631.224985106017,112.2205
DataValue,0.542,0.001,2.58869e-09,1.63727e-06,0.1122225,632.470477345684,112.2225
DataValue,0.543,0.001,2.6777e-09,1.69941e-06,0.1122155,634.652873734922,112.2155
DataValue,0.544,0.001,2.7787799999999998e-09,1.76868e-06,0.112219,636.4951525489599,112.219
DataValue,0.545,0.001,2.87775e-09,1.836e-06,0.1122225,637.998436278342,112.2225
DataValue,0.546,0.001,2.97903e-09,1.90581e-06,0.112223,639.741795148085,112.223
DataValue,0.547,0.001,3.09085e-09,1.98326e-06,0.1122225,641.655208114273,112.2225
DataValue,0.548,0.001,3.19826e-09,2.0584799999999997e-06,0.112219,643.624971078024,112.219
DataValue,0.549,0.001,3.31238e-09,2.13547e-06,0.1122175,644.693543615165,112.2175
DataValue,0.55,0.001,3.43894e-09,2.22219e-06,0.1122215,646.1845801322501,112.2215
DataValue,0.551,0.001,3.5596e-09,2.30643e-06,0.1122195,647.946398471738,112.2195
DataValue,0.5519999999999999,0.001,3.6839300000000005e-09,2.3940399999999997e-06,0.1122195,649.86033936584,112.2195
DataValue,0.553,0.001,3.8248e-09,2.49078e-06,0.11222,651.218364358921,112.22
DataValue,0.554,0.001,3.96161e-09,2.58575e-06,0.1122225,652.701805579045,112.2225
DataValue,0.555,0.001,4.1004e-09,2.6838700000000003e-06,0.1122225,654.5385816017949,112.2225
DataValue,0.5559999999999999,0.001,4.25793e-09,2.79345e-06,0.1122205,656.0582254757591,112.2205
DataValue,0.557,0.001,4.407020000000001e-09,2.89707e-06,0.112219,657.376186175692,112.219
DataValue,0.558,0.001,4.564650000000001e-09,3.00797e-06,0.1122275,658.970567294316,112.2275
DataValue,0.559,0.001,4.73949e-09,3.1293999999999996e-06,0.1122235,660.282013465584,112.22350000000002
DataValue,0.5599999999999999,0.001,4.90673e-09,3.24874e-06,0.112222,662.0987908444121,112.222
DataValue,0.561,0.001,5.08066e-09,3.37027e-06,0.112226,663.352792747399,112.226
DataValue,0.562,0.001,5.27619e-09,3.5088e-06,0.1122235,665.02533077846,112.22350000000002
DataValue,0.563,0.001,5.46405e-09,3.63965e-06,0.1122235,666.1084726530689,112.22350000000002
DataValue,0.564,0.001,5.65785e-09,3.77825e-06,0.1122205,667.789001122334,112.2205
DataValue,0.565,0.001,5.87489e-09,3.93236e-06,0.112225,669.350404858644,112.225
DataValue,0.566,0.001,6.085870000000001e-09,4.08049e-06,0.112223,670.485896018154,112.223
DataValue,0.567,0.001,6.3035300000000005e-09,4.23547e-06,0.112227,671.92033670023,112.227
DataValue,0.568,0.001,6.54661e-09,4.40749e-06,0.1122275,673.247680860781,112.2275
DataValue,0.569,0.001,6.78048e-09,4.57291e-06,0.1122225,674.422754731228,112.2225
DataValue,0.57,0.001,7.02319e-09,4.74578e-06,0.1122265,675.729974555722,112.2265
DataValue,0.571,0.001,7.27653e-09,4.92549e-06,0.1122239999999999,676.9009404207779,112.224
DataValue,0.572,0.001,7.55599e-09,5.12575e-06,0.1122235,678.369082013078,112.22350000000002
DataValue,0.573,0.001,7.82628e-09,5.319689999999999e-06,0.112223,679.721400205462,112.223
DataValue,0.574,0.001,8.1094e-09,5.52023e-06,0.112223,680.71990529509,112.223
DataValue,0.575,0.001,8.42425e-09,5.74432e-06,0.11223,681.879099029587,112.23
DataValue,0.576,0.001,8.727090000000002e-09,5.960499999999999e-06,0.1122245,682.988258399993,112.2245
DataValue,0.577,0.001,9.03689e-09,6.18604e-06,0.112223,684.531957343732,112.223
DataValue,0.578,0.001,9.38896e-09,6.43663e-06,0.1122245,685.553032497742,112.2245
DataValue,0.579,0.001,9.72781e-09,6.67973e-06,0.112228,686.663288037081,112.228
DataValue,0.58,0.001,1.007647e-08,6.932979999999999e-06,0.1122255,688.036584240314,112.2255
DataValue,0.581,0.001,1.04688e-08,7.21337e-06,0.112225,689.035037444597,112.225
DataValue,0.582,0.001,1.084588e-08,7.48752e-06,0.112227,690.3561536731,112.227
DataValue,0.583,0.001,1.123826e-08,7.76849e-06,0.1122275,691.2538061941971,112.2275
DataValue,0.584,0.001,1.16823e-08,8.08852e-06,0.112231,692.373933215206,112.231
DataValue,0.585,0.001,1.21105e-08,8.394089999999999e-06,0.1122295,693.124974195946,112.2295
DataValue,0.586,0.001,1.25447e-08,8.7098e-06,0.1122255,694.301178983953,112.2255
DataValue,0.587,0.001,1.30358e-08,9.06297e-06,0.1122295,695.23696282545,112.2295
DataValue,0.588,0.001,1.35033e-08,9.405900000000001e-06,0.112232,696.563062362534,112.232
DataValue,0.589,0.001,1.39963e-08,9.75763e-06,0.112235,697.157820281074,112.235
DataValue,0.59,0.001,1.45405e-08,1.015773e-05,0.112229,698.581891956948,112.229
DataValue,0.591,0.001,1.50709e-08,1.054032e-05,0.112229,699.382253216464,112.229
DataValue,0.592,0.001,1.5615e-08,1.093932e-05,0.1122295,700.564841498559,112.2295
DataValue,0.593,0.001,1.62276e-08,1.1383250000000002e-05,0.112231,701.4746481303459,112.231
DataValue,0.594,0.001,1.68124e-08,1.18134e-05,0.1122295,702.659941471771,112.2295
DataValue,0.595,0.001,1.74224e-08,1.22583e-05,0.1122295,703.594223528331,112.2295
DataValue,0.596,0.001,1.81078e-08,1.2754600000000002e-05,0.112232,704.370492274048,112.232
DataValue,0.597,0.001,1.87687e-08,1.32374e-05,0.1122305,705.2912561871631,112.2305
DataValue,0.598,0.001,1.94484e-08,1.37374e-05,0.1122325,706.351165134407,112.2325
DataValue,0.599,0.001,2.02157e-08,1.42957e-05,0.11223,707.158297758673,112.23
DataValue,0.6,0.001,2.09446e-08,1.48315e-05,0.112232,708.1300191934911,112.232
DataValue,0.601,0.001,2.17072e-08,1.5391300000000003e-05,0.112228,709.041239772979,112.228
DataValue,0.602,0.001,2.25605e-08,1.6018300000000002e-05,0.1122285,710.015292214268,112.2285
DataValue,0.603,0.001,2.3384900000000002e-08,1.66214e-05,0.1122325,710.77490175284,112.2325
DataValue,0.604,0.001,2.42362e-08,1.72489e-05,0.112232,711.699853937498,112.232
DataValue,0.605,0.001,2.512e-08,1.7903e-05,0.11223,712.699044585987,112.23
DataValue,0.606,0.001,2.6106300000000002e-08,1.86272e-05,0.1122325,713.513596334984,112.2325
DataValue,0.6070000000000001,0.001,2.70618e-08,1.93281e-05,0.1122305,714.220783539898,112.2305
DataValue,0.6080000000000001,0.001,2.80501e-08,2.00541e-05,0.11223,714.938627669777,112.23
DataValue,0.609,0.001,2.91599e-08,2.0872000000000003e-05,0.1122335,715.777488948865,112.2335
DataValue,0.61,0.001,3.02205e-08,2.1655500000000003e-05,0.1122295,716.583114111282,112.2295
DataValue,0.6110000000000001,0.001,3.13287e-08,2.2472e-05,0.1122335,717.29755783036,112.2335
DataValue,0.6120000000000001,0.001,3.2564799999999997e-08,2.33871e-05,0.11223,718.171154129612,112.23
DataValue,0.613,0.001,3.376e-08,2.4269e-05,0.1122295,718.868483412322,112.2295
DataValue,0.614,0.001,3.5000499999999996e-08,2.51882e-05,0.1122295,719.652576391766,112.2295
DataValue,0.6150000000000001,0.001,3.63841e-08,2.6210600000000003e-05,0.1122315,720.386102720694,112.2315
DataValue,0.6160000000000001,0.001,3.77219e-08,2.72028e-05,0.1122305,721.140769685514,112.2305
DataValue,0.617,0.001,3.91048e-08,2.82218e-05,0.112229,721.696569219124,112.229
DataValue,0.618,0.001,4.06413e-08,2.93717e-05,0.112233,722.705720535514,112.233
DataValue,0.6190000000000001,0.001,4.21279e-08,3.0470600000000003e-05,0.112228,723.287892346877,112.228
DataValue,0.6200000000000001,0.001,4.3685400000000006e-08,3.16235e-05,0.112229,723.891734996131,112.229
DataValue,0.621,0.001,4.541280000000001e-08,3.290630000000001e-05,0.1122275,724.604076383751,112.2275
DataValue,0.622,0.001,4.70798e-08,3.4142100000000006e-05,0.1122325,725.196368718644,112.2325
DataValue,0.6230000000000001,0.001,4.88111e-08,3.5432600000000004e-05,0.1122235,725.912753451572,112.22350000000002
DataValue,0.6240000000000001,0.001,5.0606e-08,3.67699e-05,0.112231,726.591708493064,112.231
DataValue,0.625,0.001,5.26131e-08,3.82667e-05,0.112228,727.322662986975,112.228
DataValue,0.626,0.001,5.45543e-08,3.9703e-05,0.112231,727.770313247535,112.231
DataValue,0.627,0.001,5.65572e-08,4.11938e-05,0.1122255,728.356424999823,112.2255
DataValue,0.6280000000000001,0.001,5.88085e-08,4.28698e-05,0.112231,728.97285256383,112.231
DataValue,0.629,0.001,6.097050000000001e-08,4.448400000000001e-05,0.112229,729.598740374444,112.229
DataValue,0.63,0.001,6.3207e-08,4.61602e-05,0.1122275,730.302023510054,112.2275
DataValue,0.631,0.001,6.57264e-08,4.80336e-05,0.112229,730.811363470386,112.229
DataValue,0.6320000000000001,0.001,6.81532e-08,4.983850000000001e-05,0.1122255,731.271605735314,112.2255
DataValue,0.633,0.001,7.06532e-08,5.171800000000001e-05,0.11223,731.9979845215789,112.23
DataValue,0.634,0.001,7.345240000000001e-08,5.38042e-05,0.112227,732.504315720113,112.227
DataValue,0.635,0.001,7.61597e-08,5.5824e-05,0.112231,732.986080564918,112.231
DataValue,0.6360000000000001,0.001,7.89588e-08,5.791990000000001e-05,0.112229,733.545849227698,112.229
DataValue,0.637,0.001,8.20871e-08,6.027040000000002e-05,0.1122275,734.2249878482739,112.2275
DataValue,0.638,0.001,8.51058e-08,6.252650000000001e-05,0.1122295,734.691407636142,112.2295
DataValue,0.639,0.001,8.82513e-08,6.48775e-05,0.112229,735.144978034318,112.229
DataValue,0.6400000000000001,0.001,9.15083e-08,6.73214e-05,0.1122295,735.686271081421,112.2295
DataValue,0.641,0.001,9.5165e-08,7.0047e-05,0.1122295,736.058424841066,112.2295
DataValue,0.642,0.001,9.86902e-08,7.26854e-05,0.1122295,736.500685985032,112.2295
DataValue,0.643,0.001,1.023193e-07,7.54172e-05,0.112228,737.076973747866,112.228
DataValue,0.6440000000000001,0.001,1.063917e-07,7.846960000000001e-05,0.11223,737.553775341498,112.23
DataValue,0.645,0.001,1.103059e-07,8.140520000000001e-05,0.11223,737.994975790053,112.23
DataValue,0.646,0.001,1.1439029999999998e-07,8.4461e-05,0.1122315,738.358060080269,112.2315
DataValue,0.647,0.001,1.18877e-07,8.787250000000001e-05,0.112228,739.188404821791,112.228
DataValue,0.6480000000000001,0.001,1.23347e-07,9.1195e-05,0.1122275,739.33699238733,112.2275
DataValue,0.649,0.001,1.2788900000000001e-07,9.46105e-05,0.11223,739.7860644777891,112.23
DataValue,0.65,0.001,1.33003e-07,9.84406e-05,0.1122245,740.138192371601,112.2245
DataValue,0.651,0.001,1.37885e-07,0.0001021204,0.112229,740.620081952352,112.229
DataValue,0.652,0.001,1.4297e-07,0.0001059573,0.1122295,741.1156186612579,112.2295
DataValue,0.653,0.001,1.48255e-07,0.0001099218,0.112226,741.4373882837,112.226
DataValue,0.654,0.001,1.54162e-07,0.0001143734,0.11223,741.903971147235,112.23
DataValue,0.655,0.001,1.59804e-07,0.000118729,0.1122275,742.96638382018,112.2275
DataValue,0.656,0.001,1.65768e-07,0.000123165,0.112231,742.99623570291,112.231
DataValue,0.657,0.001,1.72359e-07,0.000128124,0.112229,743.35543835831,112.229
DataValue,0.658,0.001,1.78715e-07,0.000132929,0.1122275,743.804381277453,112.2275
DataValue,0.659,0.001,1.85312e-07,0.000137865,0.1122275,743.961535140736,112.2275
DataValue,0.66,0.001,1.92697e-07,0.000143463,0.112234,744.500433322781,112.234
DataValue,0.661,0.001,1.99803e-07,0.000148818,0.1122315,744.823651296527,112.2315
DataValue,0.662,0.001,2.07182e-07,0.000154385,0.112234,745.166085856879,112.234
DataValue,0.663,0.001,2.15447e-07,0.000160623,0.1122275,745.53370434492,112.2275
DataValue,0.664,0.001,2.23388e-07,0.000166612,0.112231,745.841316453883,112.231
DataValue,0.665,0.001,2.31664e-07,0.000172843,0.112226,746.0934802127219,112.226
DataValue,0.666,0.001,2.409e-07,0.000179782,0.1122305,746.293067662931,112.2305
DataValue,0.667,0.001,2.49758e-07,0.000186491,0.11223,746.686792815446,112.23
DataValue,0.668,0.001,2.58976e-07,0.000193453,0.112233,746.991999258619,112.233
DataValue,0.669,0.001,2.6851799999999997e-07,0.000200655,0.1122295,747.268339552656,112.2295
DataValue,0.67,0.001,2.79243e-07,0.000208725,0.1122295,747.467259698542,112.2295
DataValue,0.671,0.001,2.8957199999999997e-07,0.000216515,0.1122315,747.70696061774,112.2315
DataValue,0.672,0.001,3.0021599999999997e-07,0.000224579,0.11223,748.058064859968,112.23
DataValue,0.673,0.001,3.12135e-07,0.000233588,0.1122295,748.3556794335781,112.2295
DataValue,0.674,0.001,3.23622e-07,0.000242271,0.112225,748.62339395962,112.225
DataValue,0.675,0.001,3.35549e-07,0.0002513,0.1122315,748.921916024187,112.2315
DataValue,0.676,0.001,3.48904e-07,0.000261344,0.112227,749.0427166211911,112.227
DataValue,0.677,0.001,3.61816e-07,0.000271085,0.112231,749.234417493975,112.231
DataValue,0.678,0.001,3.75081e-07,0.00028114,0.112229,749.544764997427,112.229
DataValue,0.679,0.001,3.89995e-07,0.000292452,0.1122305,749.886537006885,112.2305
DataValue,0.68,0.001,4.04412e-07,0.000303234,0.1122315,749.814545562446,112.2315
DataValue,0.681,0.001,4.19251e-07,0.000314473,0.112232,750.082885908442,112.232
DataValue,0.682,0.001,4.34754e-07,0.000326204,0.1122374999999999,750.318570961969,112.23749999999998
DataValue,0.683,0.001,4.5201e-07,0.000339265,0.1122335,750.569677661999,112.2335
DataValue,0.684,0.001,4.68495e-07,0.000351755,0.112235,750.819112263738,112.235
DataValue,0.685,0.001,4.85719e-07,0.000364818,0.112232,751.0885923754271,112.232
DataValue,0.686,0.001,5.05088e-07,0.000379398,0.112235,751.152274455144,112.235
DataValue,0.687,0.001,5.23575e-07,0.000393408,0.1122335,751.388053287495,112.2335
DataValue,0.688,0.001,5.428429999999999e-07,0.000407972,0.1122355,751.546948196808,112.2355
DataValue,0.689,0.001,5.64316e-07,0.000424237,0.11223,751.7720567908758,112.23
DataValue,0.69,0.001,5.85116e-07,0.000439877,0.1122305,751.777425331046,112.2305
DataValue,0.691,0.001,6.06589e-07,0.00045609,0.112232,751.892962120975,112.232
DataValue,0.692,0.001,6.30501e-07,0.0004742,0.1122325,752.100313877377,112.2325
DataValue,0.693,0.001,6.535949999999999e-07,0.000491688,0.112236,752.282376701168,112.236
DataValue,0.694,0.001,6.77461e-07,0.000509761,0.1122355,752.4580750773849,112.2355
DataValue,0.695,0.001,7.02302e-07,0.000528545,0.112236,752.589341907043,112.236
DataValue,0.696,0.001,7.298779999999999e-07,0.000549409,0.1122315,752.740869021946,112.2315
DataValue,0.697,0.001,7.56585e-07,0.000569561,0.112236,752.805038429258,112.236
DataValue,0.698,0.001,7.84068e-07,0.000590395,0.112237,752.989536621824,112.237
DataValue,0.699,0.001,8.14955e-07,0.000613609,0.112237,752.936051683836,112.237
DataValue,0.7,0.001,8.44665e-07,0.000636187,0.112237,753.182622696572,112.237
DataValue,0.701,0.001,8.75439e-07,0.000659456,0.112235,753.286065619649,112.235
DataValue,0.702,0.001,9.098190000000001e-07,0.000685448,0.11224,753.3894104211939,112.24
DataValue,0.703,0.001,9.429679999999999e-07,0.000710551,0.1122325,753.52610056757,112.2325
DataValue,0.704,0.001,9.77021e-07,0.000736234,0.1122395,753.549821344679,112.2395
DataValue,0.705,0.001,1.015311e-06,0.000765114,0.1122325,753.575997896211,112.2325
DataValue,0.706,0.001,1.052017e-06,0.000792821,0.1122405,753.619951008396,112.2405
DataValue,0.707,0.001,1.090144e-06,0.000821727,0.1122385,753.778399917809,112.2385
DataValue,0.708,0.001,1.132816e-06,0.000853903,0.112242,753.787905538057,112.242
DataValue,0.709,0.001,1.17431e-06,0.000884943,0.1122305,753.585509788727,112.2305
DataValue,0.71,0.001,1.217e-06,0.0009169,0.112236,753.410024650781,112.236
DataValue,0.711,0.001,1.2606599999999998e-06,0.000949916,0.112231,753.5068932146651,112.231
DataValue,0.712,0.001,1.30941e-06,0.000986763,0.1122355,753.59360322588,112.2355
DataValue,0.713,0.001,1.35633e-06,0.00102221,0.112235,753.658770358246,112.235
DataValue,0.714,0.001,1.40547e-06,0.001059059,0.112233,753.526578297651,112.233
DataValue,0.715,0.001,1.45952e-06,0.001099991,0.112237,753.666273843455,112.237
DataValue,0.716,0.001,1.51113e-06,0.0011393599999999,0.1122365,753.978810558986,112.2365
DataValue,0.717,0.001,1.5659e-06,0.00118005,0.1122355,753.592183408902,112.2355
DataValue,0.718,0.001,1.6259399999999998e-06,0.00122535,0.112241,753.625595040408,112.241
DataValue,0.719,0.001,1.68401e-06,0.0012693399999999,0.1122365,753.760369594005,112.2365
DataValue,0.72,0.001,1.74436e-06,0.0013147599999999,0.112244,753.720562269256,112.244
DataValue,0.721,0.001,1.81123e-06,0.00136502,0.1122385,753.642552298714,112.2385
DataValue,0.722,0.001,1.87514e-06,0.0014131,0.11224,753.597064752498,112.24
DataValue,0.723,0.001,1.94153e-06,0.00146329,0.112244,753.678799709508,112.244
DataValue,0.724,0.001,2.01002e-06,0.00151506,0.1122435,753.753693993095,112.2435
DataValue,0.725,0.001,2.0866799999999997e-06,0.00157253,0.1122435,753.60381083827,112.2435
DataValue,0.726,0.001,2.1598899999999996e-06,0.00162776,0.1122425,753.630971947646,112.2425
DataValue,0.727,0.001,2.23645e-06,0.00168488,0.1122445,753.372532361555,112.2445
DataValue,0.728,0.001,2.3210399999999997e-06,0.00174847,0.112243,753.313169958295,112.243
DataValue,0.729,0.001,2.4023699999999997e-06,0.0018098,0.112246,753.339410665302,112.246
DataValue,0.73,0.001,2.48618e-06,0.0018726799999999,0.112245,753.235887988802,112.245
DataValue,0.731,0.001,2.57953e-06,0.00194265,0.1122515,753.102309335422,112.2515
DataValue,0.7320000000000001,0.001,2.6692399999999996e-06,0.00200996,0.112243,753.008346945198,112.243
DataValue,0.7330000000000001,0.001,2.7617699999999996e-06,0.0020791,0.1122495,752.814318353809,112.2495
DataValue,0.734,0.001,2.8648899999999996e-06,0.0021565,0.1122455,752.73396186241,112.2455
DataValue,0.735,0.001,2.96348e-06,0.00223026,0.1122505,752.581424541418,112.2505
DataValue,0.7360000000000001,0.001,3.0655899999999996e-06,0.00230694,0.112249,752.527245978751,112.249
DataValue,0.7370000000000001,0.001,3.1794799999999997e-06,0.00239171,0.1122515,752.233069558544,112.2515
DataValue,0.738,0.001,3.2882099999999996e-06,0.00247324,0.112253,752.153907445084,112.253
DataValue,0.739,0.001,3.40079e-06,0.00255762,0.1122565,752.06643162324,112.2565
DataValue,0.7400000000000001,0.001,3.51681e-06,0.00264382,0.1122585,751.76651567756,112.2585
DataValue,0.7410000000000001,0.001,3.64602e-06,0.0027400799999999,0.1122545,751.5263218523211,112.2545
DataValue,0.742,0.001,3.768559999999999e-06,0.00283192,0.1122575,751.459443394825,112.2575
DataValue,0.743,0.001,3.89518e-06,0.00292705,0.11226,751.454361544268,112.26
DataValue,0.7440000000000001,0.001,4.037189999999999e-06,0.00303246,0.1122605,751.131356215586,112.2605
DataValue,0.7450000000000001,0.001,4.17168e-06,0.00313344,0.112262,751.121850189852,112.262
DataValue,0.746,0.001,4.31099e-06,0.00323675,0.112266,750.8136182176249,112.266
DataValue,0.747,0.001,4.46675e-06,0.00335218,0.112261,750.474058319808,112.261
DataValue,0.7480000000000001,0.001,4.61462e-06,0.00346236,0.112267,750.302300081047,112.267
DataValue,0.7490000000000001,0.001,4.76676e-06,0.00357508,0.112272,750.002097861021,112.272
DataValue,0.75,0.001,4.93503e-06,0.00370064,0.1122695,749.87183461904,112.2695
DataValue,0.751,0.001,5.09659e-06,0.00382062,0.1122775,749.642407962971,112.2775
DataValue,0.752,0.001,5.26275e-06,0.00394403,0.1122735,749.423780342977,112.2735
DataValue,0.7530000000000001,0.001,5.4347e-06,0.0040712,0.1122785,749.1121865052351,112.2785
DataValue,0.754,0.001,5.6243699999999995e-06,0.00421169,0.11228,748.828757709752,112.28
DataValue,0.755,0.001,5.80515e-06,0.00434537,0.1122805,748.537074838721,112.2805
DataValue,0.756,0.001,5.99141e-06,0.00448371,0.112281,748.35639690824,112.281
DataValue,0.7570000000000001,0.001,6.19784e-06,0.0046359899999999,0.1122825,748.0009164483109,112.2825
DataValue,0.758,0.001,6.39541e-06,0.00478204,0.1122865,747.730012618425,112.2865
DataValue,0.759,0.001,6.59888e-06,0.00493166,0.112287,747.34803481803,112.287
DataValue,0.76,0.001,6.82246e-06,0.00509658,0.1122905,747.029663786963,112.2905
DataValue,0.7610000000000001,0.001,7.036279999999999e-06,0.00525415,0.112294,746.722700063102,112.294
DataValue,0.762,0.001,7.25626e-06,0.00541536,0.1122985,746.301813882083,112.2985
DataValue,0.763,0.001,7.49749e-06,0.00559324,0.1122985,746.014999686562,112.2985
DataValue,0.764,0.001,7.729759999999999e-06,0.00576352,0.1123005,745.627289851173,112.3005
DataValue,0.7650000000000001,0.001,7.96743e-06,0.00593763,0.1123035,745.2377993907701,112.3035
DataValue,0.766,0.001,8.2309e-06,0.00613136,0.112303,744.919753611391,112.303
DataValue,0.767,0.001,8.48094e-06,0.00631452,0.11231,744.554259315595,112.31
DataValue,0.768,0.001,8.73124e-06,0.00649811,0.1123089999999999,744.236786527458,112.309
DataValue,0.7690000000000001,0.001,8.993589999999999e-06,0.00669046,0.1123145,743.914276723756,112.3145
DataValue,0.77,0.001,9.28228e-06,0.00690148,0.1123145,743.5112924841741,112.3145
DataValue,0.771,0.001,9.55864e-06,0.00710204,0.112321,742.996911694551,112.321
DataValue,0.772,0.001,9.84057e-06,0.0073078,0.1123245,742.6195840281612,112.3245
DataValue,0.7730000000000001,0.001,1.015322e-05,0.00753357,0.112328,741.98825594245,112.328
DataValue,0.774,0.001,1.0446780000000002e-05,0.00774784,0.1123315,741.648622829235,112.3315
DataValue,0.775,0.001,1.074922e-05,0.00796815,0.1123315,741.277041496964,112.3315
DataValue,0.776,0.001,1.108274e-05,0.00821016,0.1123385,740.805973973945,112.3385
DataValue,0.777,0.001,1.139976e-05,0.00843979,0.1123415,740.348042414928,112.3415
DataValue,0.778,0.001,1.17205e-05,0.00867475,0.1123385,740.134806535557,112.3385
DataValue,0.779,0.001,1.20803e-05,0.00893217,0.112351,739.399683782688,112.351
DataValue,0.78,0.001,1.24183e-05,0.0091763,0.112348,738.933670470193,112.348
DataValue,0.781,0.001,1.27651e-05,0.00942542,0.112354,738.3741607978,112.354
DataValue,0.782,0.001,1.3117300000000002e-05,0.00967796,0.1123595,737.8012243373261,112.3595
DataValue,0.783,0.001,1.35046e-05,0.00995612,0.1123585,737.239162951883,112.3585
DataValue,0.784,0.001,1.3872700000000002e-05,0.01022195,0.1123645,736.839259841271,112.3645
DataValue,0.785,0.001,1.42487e-05,0.01049136,0.1123685,736.3029609718781,112.3685
DataValue,0.786,0.001,1.4662900000000002e-05,0.01078638,0.112377,735.623921598047,112.377
DataValue,0.787,0.001,1.5052700000000002e-05,0.01106543,0.1123775,735.112637599899,112.3775
DataValue,0.788,0.001,1.54508e-05,0.01134993,0.112389,734.58526419344,112.389
DataValue,0.789,0.001,1.5879700000000003e-05,0.0116616,0.1123975,734.37155613771,112.3975
DataValue,0.79,0.001,1.62945e-05,0.0119573,0.112401,733.8242965417779,112.401
DataValue,0.791,0.001,1.6716800000000002e-05,0.0122579,0.1124065,733.268328866769,112.4065
DataValue,0.792,0.001,1.7179000000000003e-05,0.0125858,0.11241,732.6270446475351,112.41
DataValue,0.793,0.001,1.7619100000000002e-05,0.0128959,0.112415,731.927283459428,112.415
DataValue,0.794,0.001,1.8063100000000003e-05,0.0132105,0.1124204999999999,731.352868555231,112.4205
DataValue,0.795,0.001,1.85139e-05,0.0135315,0.1124195,730.883282290603,112.4195
DataValue,0.796,0.001,1.90102e-05,0.013882,0.1124355,730.23955560699,112.4355
DataValue,0.797,0.001,1.9480200000000004e-05,0.0142143,0.112433,729.679366741614,112.433
DataValue,0.798,0.001,1.99606e-05,0.0145488,0.1124415,728.875885494424,112.4415
DataValue,0.799,0.001,2.00027e-05,0.0145761,0.112439,728.7066246056779,112.439
DataValue,0.8,0.001,2.00028e-05,0.0145724,0.1124405,728.518007478953,112.4405
DataValue,0.8,0.001,2.00026e-05,0.0145721,0.1124395,728.510293661824,112.4395
DataValue,0.799,0.001,2.00026e-05,0.01457,0.112441,728.40530731005,112.441
DataValue,0.798,0.001,2.00029e-05,0.0145682,0.11244,728.3043958626,112.44
DataValue,0.797,0.001,1.95275e-05,0.0142364,0.112437,729.043656382025,112.437
DataValue,0.796,0.001,1.90692e-05,0.0139114,0.112426,729.521951628804,112.426
DataValue,0.795,0.001,1.85834e-05,0.0135664999999999,0.112429,730.033255486079,112.429
DataValue,0.794,0.001,1.81353e-05,0.0132502,0.112419,730.630317667753,112.419
DataValue,0.793,0.001,1.76975e-05,0.0129378,0.11241,731.052408532278,112.41
DataValue,0.792,0.001,1.72657e-05,0.0126296999999999,0.11241,731.490759135164,112.41
DataValue,0.791,0.001,1.68076e-05,0.0123064,0.1124055,732.192579547348,112.4055
DataValue,0.79,0.001,1.6388100000000003e-05,0.0120087,0.112402,732.7695095831731,112.402
DataValue,0.789,0.001,1.5979900000000003e-05,0.0117159,0.1123945,733.1647882652579,112.3945
DataValue,0.788,0.001,1.5541100000000003e-05,0.0114047,0.112393,733.841233889493,112.39300000000001
DataValue,0.787,0.001,1.51463e-05,0.011122,0.1123855,734.304747694156,112.3855
DataValue,0.786,0.001,1.4756e-05,0.0108437999999999,0.1123845,734.873949579832,112.3845
DataValue,0.785,0.001,1.43457e-05,0.0105509,0.112375,735.474741560189,112.375
DataValue,0.784,0.001,1.39697e-05,0.0102816,0.112375,735.9928989169421,112.375
DataValue,0.783,0.001,1.36028e-05,0.0100157,0.1123665,736.296938865528,112.3665
DataValue,0.782,0.001,1.32178e-05,0.00973576,0.1123545,736.564329918746,112.3545
DataValue,0.781,0.001,1.28687e-05,0.00948034,0.1123525,736.697568518964,112.3525
DataValue,0.78,0.001,1.2520800000000002e-05,0.00923255,0.112346,737.3770046642388,112.346
DataValue,0.779,0.001,1.21817e-05,0.00898808,0.112343,737.834620783634,112.343
DataValue,0.778,0.001,1.18211e-05,0.00873049,0.1123405,738.551403845666,112.3405
DataValue,0.777,0.001,1.1498500000000002e-05,0.00849506,0.112338,738.7972344218812,112.338
DataValue,0.776,0.001,1.11771e-05,0.00826384,0.1123355,739.3545731898259,112.3355
DataValue,0.775,0.001,1.0844100000000002e-05,0.00802241,0.1123305,739.794911518706,112.3305
DataValue,0.774,0.001,1.0540400000000002e-05,0.0078021,0.112329,740.2091002239,112.329
DataValue,0.7730000000000001,0.001,1.0242e-05,0.00758558,0.1123224999999999,740.634641671548,112.3225
DataValue,0.772,0.001,9.92862e-06,0.00735903,0.1123195,741.193640203774,112.3195
DataValue,0.771,0.001,9.64439e-06,0.00715218,0.1123185,741.589670264268,112.3185
DataValue,0.77,0.001,9.36834e-06,0.00694995,0.112312,741.8550138018052,112.31199999999998
DataValue,0.7690000000000001,0.001,9.0761e-06,0.00673855,0.112312,742.44995097013,112.31199999999998
DataValue,0.768,0.001,8.81145e-06,0.00654539,0.112305,742.827797922022,112.305
DataValue,0.767,0.001,8.557349999999999e-06,0.00636061,0.112305,743.292023815784,112.305
DataValue,0.766,0.001,8.3062e-06,0.00617557,0.1123005,743.489200837928,112.3005
DataValue,0.7650000000000001,0.001,8.040649999999999e-06,0.00598177,0.1123005,743.941099289237,112.3005
DataValue,0.764,0.001,7.80016e-06,0.00580543,0.1122985,744.270630346044,112.2985
DataValue,0.763,0.001,7.56748e-06,0.00563525,0.112294,744.666652571266,112.294
DataValue,0.762,0.001,7.32249e-06,0.00545552,0.1122949999999999,745.036183047024,112.295
DataValue,0.7610000000000001,0.001,7.10104e-06,0.00529319,0.112289,745.410531415117,112.289
DataValue,0.76,0.001,6.88451e-06,0.00513389,0.112283,745.716107609692,112.283
DataValue,0.759,0.001,6.6577e-06,0.00496719,0.112281,746.081980263454,112.281
DataValue,0.758,0.001,6.45237e-06,0.00481689,0.1122865,746.530344664054,112.2865
DataValue,0.7570000000000001,0.001,6.25251e-06,0.00466962,0.1122779999999999,746.8392693494292,112.278
DataValue,0.756,0.001,6.0438e-06,0.00451612,0.1122779999999999,747.231873986565,112.278
DataValue,0.755,0.001,5.85533e-06,0.00437659,0.1122735,747.454029064118,112.2735
DataValue,0.754,0.001,5.67187e-06,0.00424142,0.1122735,747.799226710062,112.2735
DataValue,0.7530000000000001,0.001,5.48105e-06,0.0040997,0.1122705,747.977121172038,112.2705
DataValue,0.752,0.001,5.30832e-06,0.0039718,0.112266,748.221659583446,112.266
DataValue,0.751,0.001,5.14006e-06,0.00384796,0.112266,748.621611420878,112.266
DataValue,0.75,0.001,4.97633e-06,0.00372635,0.112262,748.8148896877819,112.262
DataValue,0.7490000000000001,0.001,4.80552e-06,0.00360033,0.112264,749.207161763972,112.264
DataValue,0.7480000000000001,0.001,4.65245e-06,0.00348568,0.1122595,749.213855065611,112.2595
DataValue,0.747,0.001,4.50288e-06,0.00337495,0.1122615,749.5092029989701,112.2615
DataValue,0.746,0.001,4.346390000000001e-06,0.0032588499999999,0.112261,749.78315337556,112.261
DataValue,0.7450000000000001,0.001,4.2047e-06,0.0031543,0.112254,750.184317549409,112.254
DataValue,0.7440000000000001,0.001,4.06827e-06,0.00305282,0.1122565,750.39758914723,112.2565
DataValue,0.743,0.001,3.92585e-06,0.00294615,0.112255,750.448947361718,112.255
DataValue,0.742,0.001,3.79664e-06,0.00285045,0.1122495,750.7822706393019,112.2495
DataValue,0.7410000000000001,0.001,3.6728e-06,0.0027579699999999,0.112248,750.9175560879979,112.248
DataValue,0.7400000000000001,0.001,3.54239e-06,0.00266091,0.1122509999999999,751.1623508422282,112.251
DataValue,0.739,0.001,3.4254199999999996e-06,0.00257372,0.1122485,751.358957441715,112.2485
DataValue,0.738,0.001,3.3116699999999996e-06,0.00248869,0.112249,751.490939616568,112.249
DataValue,0.7370000000000001,0.001,3.2017e-06,0.00240639,0.112242,751.59758878096,112.242
DataValue,0.7360000000000001,0.001,3.08713e-06,0.00232087,0.1122445,751.788878343316,112.2445
DataValue,0.735,0.001,2.98402e-06,0.00224415,0.1122365,752.055951367618,112.2365
DataValue,0.734,0.001,2.88463e-06,0.0021693,0.11224,752.020189764372,112.24
DataValue,0.7330000000000001,0.001,2.7801399999999997e-06,0.00209147,0.11224,752.289453049127,112.24
DataValue,0.7320000000000001,0.001,2.68691e-06,0.00202149,0.1122374999999999,752.347492100591,112.23749999999998
DataValue,0.731,0.001,2.5960399999999996e-06,0.00195377,0.1122355,752.5962619990449,112.2355
DataValue,0.73,0.001,2.50205e-06,0.00188308,0.1122335,752.614855818229,112.2335
DataValue,0.729,0.001,2.41739e-06,0.00181976,0.1122355,752.778823441811,112.2355
DataValue,0.728,0.001,2.33523e-06,0.00175792,0.112231,752.782381178728,112.231
DataValue,0.727,0.001,2.24984e-06,0.00169397,0.1122315,752.929097180244,112.2315
DataValue,0.726,0.001,2.17277e-06,0.00163621,0.112226,753.052555033437,112.226
DataValue,0.725,0.001,2.09872e-06,0.00158057,0.1122325,753.111420294275,112.2325
DataValue,0.724,0.001,2.0215e-06,0.00152258,0.1122295,753.1931733861,112.2295
DataValue,0.723,0.001,1.95215e-06,0.00147047,0.1122275,753.256665727531,112.2275
DataValue,0.722,0.001,1.88502e-06,0.00141999,0.1122285,753.302352229685,112.2285
DataValue,0.721,0.001,1.8203e-06,0.00137137,0.1122245,753.3758171729941,112.2245
DataValue,0.72,0.001,1.75303e-06,0.0013208,0.1122239999999999,753.438332487179,112.224
DataValue,0.719,0.001,1.6926e-06,0.00127502,0.1122235,753.290795226279,112.22350000000002
DataValue,0.718,0.001,1.6338e-06,0.00123089,0.112226,753.3908679152901,112.226
DataValue,0.717,0.001,1.5730999999999998e-06,0.00118519,0.112223,753.410463416185,112.223
DataValue,0.716,0.001,1.51853e-06,0.00114395,0.112223,753.327230940449,112.223
DataValue,0.715,0.001,1.4659699999999998e-06,0.00110448,0.1122175,753.412416352313,112.2175
DataValue,0.714,0.001,1.41156e-06,0.00106336,0.1122245,753.322565105274,112.2245
DataValue,0.713,0.001,1.36238e-06,0.001026262,0.1122235,753.286160982986,112.22350000000002
DataValue,0.712,0.001,1.31473e-06,0.000990415,0.112216,753.321974854152,112.216
DataValue,0.711,0.001,1.26572e-06,0.000953355,0.112219,753.211610782796,112.219
DataValue,0.71,0.001,1.2214799999999995e-06,0.000920146,0.1122205,753.30418836166,112.2205
DataValue,0.709,0.001,1.17886e-06,0.000888006,0.112221,753.2751980727139,112.221
DataValue,0.708,0.001,1.13759e-06,0.000856803,0.1122195,753.173814819047,112.2195
DataValue,0.707,0.001,1.09495e-06,0.000824467,0.1122155,752.9722818393532,112.2155
DataValue,0.706,0.001,1.05658e-06,0.000795533,0.112214,752.932101686574,112.214
DataValue,0.705,0.001,1.018651e-06,0.000767574,0.1122195,753.52009667688,112.2195
DataValue,0.704,0.001,9.800409999999998e-07,0.000738401,0.1122205,753.438886740453,112.2205
DataValue,0.703,0.001,9.45627e-07,0.000712464,0.112218,753.430263729779,112.218
DataValue,0.702,0.001,9.12368e-07,0.000687216,0.1122185,753.222383950336,112.2185
DataValue,0.701,0.001,8.77847e-07,0.000661241,0.11222,753.253129531684,112.22
DataValue,0.7,0.001,8.467879999999999e-07,0.00063786,0.112216,753.270003826223,112.216
DataValue,0.699,0.001,8.169420000000001e-07,0.00061527,0.112219,753.1379216639609,112.219
DataValue,0.698,0.001,7.860439999999999e-07,0.000591783,0.112219,752.862435181746,112.219
DataValue,0.697,0.001,7.58132e-07,0.000570741,0.1122155,752.8253655036331,112.2155
DataValue,0.696,0.001,7.31627e-07,0.000550622,0.112214,752.599343654622,112.214
DataValue,0.695,0.001,7.03778e-07,0.000529565,0.112217,752.4602928764468,112.217
DataValue,0.694,0.001,6.788909999999999e-07,0.000510849,0.112214,752.475728798879,112.214
DataValue,0.693,0.001,6.54914e-07,0.000492642,0.112215,752.2239561224831,112.215
DataValue,0.692,0.001,6.31566e-07,0.000475109,0.1122145,752.2713382291,112.2145
DataValue,0.691,0.001,6.077079999999999e-07,0.000456977,0.1122145,751.9680504452798,112.2145
DataValue,0.69,0.001,5.86117e-07,0.000440689,0.112216,751.878891074649,112.216
DataValue,0.689,0.001,5.65302e-07,0.000424983,0.112214,751.780464247429,112.214
DataValue,0.688,0.001,5.43669e-07,0.000408637,0.1122155,751.628288535856,112.2155
DataValue,0.687,0.001,5.243549999999999e-07,0.000393977,0.1122145,751.355474821448,112.2145
DataValue,0.686,0.001,5.05695e-07,0.000379996,0.1122125,751.433176123948,112.2125
DataValue,0.685,0.001,4.863819999999999e-07,0.000365351,0.1122104999999999,751.16061038443,112.2105
DataValue,0.684,0.001,4.69151e-07,0.00035228,0.1122155,750.888306749852,112.2155
DataValue,0.683,0.001,4.52416e-07,0.000339648,0.112211,750.742679304003,112.211
DataValue,0.682,0.001,4.3520000000000003e-07,0.000326615,0.1122104999999999,750.494025735294,112.2105
DataValue,0.681,0.001,4.19571e-07,0.000314832,0.112212,750.366445726707,112.212
DataValue,0.68,0.001,4.04657e-07,0.000303541,0.1122104999999999,750.119236785722,112.2105
DataValue,0.679,0.001,3.90232e-07,0.000292676,0.1122095,750.005125156317,112.2095
DataValue,0.678,0.001,3.75263e-07,0.000281327,0.112212,749.67955806994,112.212
DataValue,0.677,0.001,3.61929e-07,0.00027123,0.1122125,749.401125635138,112.2125
DataValue,0.676,0.001,3.48986e-07,0.000261506,0.1122045,749.330918718803,112.2045
DataValue,0.675,0.001,3.35626e-07,0.000251406,0.1122065,749.065924570802,112.2065
DataValue,0.674,0.001,3.23673e-07,0.000242371,0.1122085,748.814389831713,112.2085
DataValue,0.673,0.001,3.12138e-07,0.00023365,0.112206,748.54711698031,112.206
DataValue,0.672,0.001,3.00217e-07,0.000224641,0.1122085,748.262090421262,112.2085
DataValue,0.671,0.001,2.8953e-07,0.000216579,0.112205,748.036472904362,112.205
DataValue,0.67,0.001,2.79236e-07,0.000208773,0.112207,747.657895113811,112.207
DataValue,0.669,0.001,2.68502e-07,0.0002007089999999,0.1122055,747.51398499825,112.2055
DataValue,0.668,0.001,2.5891e-07,0.00019347,0.1122075,747.2480784828708,112.2075
DataValue,0.667,0.001,2.49697e-07,0.000186488,0.112206,746.85719091539,112.206
DataValue,0.666,0.001,2.40749e-07,0.000179793,0.1122075,746.80684031917,112.2075
DataValue,0.665,0.001,2.31559e-07,0.000172814,0.1122015,746.3065568602391,112.2015
DataValue,0.664,0.001,2.2330299999999997e-07,0.000166582,0.1122085,745.990873387281,112.2085
DataValue,0.663,0.001,2.15339e-07,0.000160586,0.1122045,745.735793330516,112.2045
DataValue,0.662,0.001,2.07068e-07,0.000154361,0.112208,745.460428458284,112.208
DataValue,0.661,0.001,1.99659e-07,0.000148786,0.112209,745.2005669666779,112.209
DataValue,0.66,0.001,1.92526e-07,0.000143406,0.1122035,744.8656285384831,112.2035
DataValue,0.659,0.001,1.85141e-07,0.000137795,0.112209,744.270582961095,112.209
DataValue,0.658,0.001,1.78528e-07,0.000132842,0.1122055,744.09616418713,112.2055
DataValue,0.657,0.001,1.72116e-07,0.000128051,0.112207,743.9808036440539,112.207
DataValue,0.656,0.001,1.65577e-07,0.000123081,0.1122005,743.34599612265,112.2005
DataValue,0.655,0.001,1.59658e-07,0.000118625,0.1122035,742.994400531135,112.2035
DataValue,0.654,0.001,1.5393699999999998e-07,0.000114344,0.1122045,742.797378148204,112.2045
DataValue,0.653,0.001,1.48042e-07,0.000109912,0.112204,742.437956796044,112.204
DataValue,0.652,0.001,1.42797e-07,0.000105946,0.1122045,741.934354363187,112.2045
DataValue,0.651,0.001,1.37675e-07,0.0001020364,0.1122025,741.1396404576,112.2025
DataValue,0.65,0.001,1.32769e-07,9.83412e-05,0.112206,740.6939873012532,112.206
DataValue,0.649,0.001,1.27654e-07,9.45079e-05,0.1122045,740.344211697244,112.2045
DataValue,0.6480000000000001,0.001,1.231e-07,9.10775e-05,0.1121995,739.865962632006,112.1995
DataValue,0.647,0.001,1.1870799999999999e-07,8.77783e-05,0.112205,739.447215014995,112.205
DataValue,0.646,0.001,1.1415900000000001e-07,8.43667e-05,0.1122045,739.028022319747,112.2045
DataValue,0.645,0.001,1.10103e-07,8.1313e-05,0.112202,738.5175699118099,112.202
DataValue,0.6440000000000001,0.001,1.0617e-07,7.83641e-05,0.112203,738.1002166337009,112.203
DataValue,0.643,0.001,1.02087e-07,7.53034e-05,0.112204,737.639464378422,112.204
DataValue,0.642,0.001,9.84442e-08,7.256820000000001e-05,0.1121985,737.150588861508,112.1985
DataValue,0.641,0.001,9.49344e-08,6.9931e-05,0.1122045,736.62444803991,112.2045
DataValue,0.6400000000000001,0.001,9.12925e-08,6.721070000000001e-05,0.1122015,736.212722841416,112.2015
DataValue,0.639,0.001,8.80245e-08,6.47696e-05,0.112199,735.813324699374,112.199
DataValue,0.638,0.001,8.49021e-08,6.24289e-05,0.112203,735.304544881693,112.203
DataValue,0.637,0.001,8.19023e-08,6.01649e-05,0.1121995,734.593534003319,112.1995
DataValue,0.6360000000000001,0.001,7.87525e-08,5.7822e-05,0.112201,734.224310339354,112.201
DataValue,0.635,0.001,7.59557e-08,5.572300000000001e-05,0.1122015,733.624994569203,112.2015
DataValue,0.634,0.001,7.32454e-08,5.36963e-05,0.1122015,733.1013278649581,112.2015
DataValue,0.633,0.001,7.04639e-08,5.16073e-05,0.1121985,732.393466725515,112.1985
DataValue,0.6320000000000001,0.001,6.79479e-08,4.9731e-05,0.1121985,731.898999086064,112.1985
DataValue,0.631,0.001,6.55278e-08,4.79238e-05,0.112195,731.350663382564,112.195
DataValue,0.63,0.001,6.302539999999999e-08,4.6057800000000005e-05,0.1122005,730.781557911572,112.2005
DataValue,0.629,0.001,6.07843e-08,4.43882e-05,0.1122015,730.257648767856,112.2015
DataValue,0.6280000000000001,0.001,5.86142e-08,4.27723e-05,0.1122015,729.725902596982,112.2015
DataValue,0.627,0.001,5.63764e-08,4.109880000000001e-05,0.112196,729.007173214324,112.196
DataValue,0.626,0.001,5.4379600000000006e-08,3.96122e-05,0.1121965,728.43860565359,112.19650000000001
DataValue,0.625,0.001,5.24508e-08,3.81678e-05,0.1121995,727.687661579995,112.1995
DataValue,0.6240000000000001,0.001,5.0446e-08,3.66809e-05,0.1121985,727.13198271419,112.1985
DataValue,0.6230000000000001,0.001,4.86484e-08,3.5343600000000005e-05,0.1121969999999999,726.511046612016,112.197
DataValue,0.622,0.001,4.6920000000000006e-08,3.4051e-05,0.1121985,725.724637681159,112.1985
DataValue,0.621,0.001,4.52553e-08,3.2813300000000007e-05,0.1121985,725.07087567644,112.1985
DataValue,0.6200000000000001,0.001,4.35311e-08,3.1532600000000004e-05,0.1121925,724.3694737785171,112.1925
DataValue,0.6190000000000001,0.001,4.19942e-08,3.03916e-05,0.112196,723.709464640355,112.196
DataValue,0.618,0.001,4.05005e-08,2.92862e-05,0.112192,723.107122134295,112.192
DataValue,0.617,0.001,3.89627e-08,2.8140600000000003e-05,0.1121985,722.244608304866,112.1985
DataValue,0.6160000000000001,0.001,3.75769e-08,2.7121100000000004e-05,0.1121955,721.749266171504,112.1955
DataValue,0.6150000000000001,0.001,3.6247e-08,2.61329e-05,0.112196,720.967252462273,112.196
DataValue,0.614,0.001,3.48701e-08,2.51131e-05,0.1121965,720.190076885354,112.19650000000001
DataValue,0.613,0.001,3.36328e-08,2.41986e-05,0.1121945,719.49406531719,112.1945
DataValue,0.6120000000000001,0.001,3.24422e-08,2.33179e-05,0.112194,718.752119153448,112.194
DataValue,0.6110000000000001,0.001,3.12083e-08,2.2402600000000005e-05,0.112194,717.841087146689,112.194
DataValue,0.61,0.001,3.00987e-08,2.1589000000000003e-05,0.112194,717.273503506796,112.194
DataValue,0.609,0.001,2.90385e-08,2.08067e-05,0.112196,716.521170170636,112.196
DataValue,0.6080000000000001,0.001,2.79397e-08,1.9990000000000003e-05,0.1121955,715.469385855968,112.1955
DataValue,0.6070000000000001,0.001,2.69567e-08,1.92661e-05,0.1121905,714.705435012446,112.1905
DataValue,0.606,0.001,2.60017e-08,1.85646e-05,0.1121955,713.976393851171,112.1955
DataValue,0.605,0.001,2.50184e-08,1.7837700000000004e-05,0.1121965,712.983244332172,112.19650000000001
DataValue,0.604,0.001,2.41343e-08,1.7188100000000002e-05,0.1121925,712.185561628056,112.1925
DataValue,0.603,0.001,2.32834e-08,1.6563900000000002e-05,0.112192,711.403832773564,112.192
DataValue,0.602,0.001,2.2461000000000002e-08,1.59589e-05,0.1121935,710.51600552068,112.1935
DataValue,0.601,0.001,2.16144e-08,1.5333900000000002e-05,0.1121935,709.4298245614041,112.1935
DataValue,0.6,0.001,2.08525e-08,1.4778000000000001e-05,0.112195,708.692003356912,112.195
DataValue,0.599,0.001,2.01188e-08,1.42417e-05,0.112194,707.8801916615299,112.194
DataValue,0.598,0.001,1.9360900000000002e-08,1.36853e-05,0.1121915,706.852470701259,112.1915
DataValue,0.597,0.001,1.86812e-08,1.31877e-05,0.112191,705.9343082885471,112.191
DataValue,0.596,0.001,1.8023e-08,1.27064e-05,0.11219,705.010264661821,112.18999999999998
DataValue,0.595,0.001,1.73409e-08,1.22115e-05,0.112193,704.202204037853,112.193
DataValue,0.594,0.001,1.6737e-08,1.1767700000000004e-05,0.112192,703.094939355918,112.192
DataValue,0.593,0.001,1.61463e-08,1.13387e-05,0.1121935,702.2475737475461,112.1935
DataValue,0.592,0.001,1.5540099999999998e-08,1.08945e-05,0.112194,701.0572647537659,112.194
DataValue,0.591,0.001,1.49959e-08,1.0499400000000001e-05,0.112194,700.151374709087,112.194
DataValue,0.59,0.001,1.44699e-08,1.0119400000000002e-05,0.112187,699.3413914401619,112.187
DataValue,0.589,0.001,1.39256e-08,9.71808e-06,0.1121905,697.857183891538,112.1905
DataValue,0.588,0.001,1.34399e-08,9.36456e-06,0.11219,696.773041466082,112.18999999999998
DataValue,0.587,0.001,1.29651e-08,9.025259999999999e-06,0.112186,696.1195825716729,112.186
DataValue,0.586,0.001,1.2481700000000001e-08,8.67292e-06,0.1121895,694.850861661472,112.1895
DataValue,0.585,0.001,1.2043600000000002e-08,8.35651e-06,0.1121875,693.8548274602281,112.1875
DataValue,0.584,0.001,1.16241e-08,8.05204e-06,0.11219,692.702230710334,112.18999999999998
DataValue,0.583,0.001,1.1188800000000001e-08,7.73565e-06,0.1121885,691.37441012441,112.1885
DataValue,0.582,0.001,1.07974e-08,7.457119999999999e-06,0.1121885,690.640339340952,112.1885
DataValue,0.581,0.001,1.04256e-08,7.18539e-06,0.1121925,689.206376611418,112.1925
DataValue,0.58,0.001,1.00321e-08,6.90458e-06,0.112185,688.2487216036519,112.185
DataValue,0.579,0.001,9.6854e-09,6.65279e-06,0.1121875,686.888512606604,112.1875
DataValue,0.578,0.001,9.34033e-09,6.40824e-06,0.112185,686.0828257673979,112.185
DataValue,0.577,0.001,8.99156e-09,6.15723e-06,0.112183,684.778837042738,112.183
DataValue,0.576,0.001,8.677770000000001e-09,5.93292e-06,0.1121795,683.691777956779,112.1795
DataValue,0.575,0.001,8.375460000000002e-09,5.7163700000000005e-06,0.1121775,682.5141544464419,112.1775
DataValue,0.574,0.001,8.06101e-09,5.49312e-06,0.112183,681.443144221382,112.183
DataValue,0.573,0.001,7.7835e-09,5.29205e-06,0.1121855,679.906211858418,112.1855
DataValue,0.572,0.001,7.51264e-09,5.09849e-06,0.11218,678.654906930187,112.18
DataValue,0.571,0.001,7.23222e-09,4.9011500000000005e-06,0.1121755,677.682647928299,112.1755
DataValue,0.57,0.001,6.9813500000000005e-09,4.72124e-06,0.1121795,676.264619307154,112.1795
DataValue,0.569,0.001,6.74043e-09,4.54816e-06,0.112183,674.758138575729,112.183
DataValue,0.568,0.001,6.508520000000001e-09,4.38361e-06,0.1121815,673.518710858997,112.1815
DataValue,0.567,0.001,6.26486e-09,4.21187e-06,0.1121765,672.300737765888,112.1765
DataValue,0.566,0.001,6.0484200000000005e-09,4.05766e-06,0.112176,670.86280383968,112.17600000000002
DataValue,0.565,0.001,5.84127e-09,3.9091e-06,0.1121765,669.220905727693,112.1765
DataValue,0.564,0.001,5.6247e-09,3.75728e-06,0.112176,667.996515369708,112.17600000000002
DataValue,0.563,0.001,5.42892e-09,3.619549999999999e-06,0.112176,666.716400315348,112.17600000000002
DataValue,0.562,0.001,5.23951e-09,3.48749e-06,0.112178,665.613769226512,112.178
DataValue,0.561,0.001,5.05005e-09,3.3519499999999997e-06,0.1121765,663.7459035059061,112.1765
DataValue,0.5599999999999999,0.001,4.87497e-09,3.22913e-06,0.112175,662.389717270055,112.175
DataValue,0.559,0.001,4.7076000000000006e-09,3.1124499999999997e-06,0.1121725,661.154303679157,112.1725
DataValue,0.558,0.001,4.53327e-09,2.99106e-06,0.1121735,659.801864878995,112.1735
DataValue,0.557,0.001,4.3791e-09,2.8803e-06,0.112178,657.737891347537,112.178
DataValue,0.5559999999999999,0.001,4.23084e-09,2.77513e-06,0.1121765,655.928846281117,112.1765
DataValue,0.555,0.001,4.072770000000001e-09,2.66617e-06,0.112173,654.633087554662,112.173
DataValue,0.554,0.001,3.9332600000000005e-09,2.57038e-06,0.1121695,653.498624550627,112.1695
DataValue,0.553,0.001,3.79977e-09,2.47472e-06,0.1121715,651.281524934404,112.1715
DataValue,0.5519999999999999,0.001,3.6605500000000006e-09,2.37921e-06,0.1121775,649.959705508735,112.1775
DataValue,0.551,0.001,3.53431e-09,2.29232e-06,0.112175,648.590531107911,112.175
DataValue,0.55,0.001,3.41387e-09,2.20826e-06,0.112167,646.849469956384,112.167
DataValue,0.549,0.001,3.28876e-09,2.1224099999999996e-06,0.1121699999999999,645.3526557121829,112.17
DataValue,0.548,0.001,3.1777000000000003e-09,2.04554e-06,0.112171,643.7171539163539,112.171
DataValue,0.547,0.001,3.07015e-09,1.97014e-06,0.1121665,641.7080598667819,112.1665
DataValue,0.546,0.001,2.95727e-09,1.89292e-06,0.112166,640.090353603154,112.166
DataValue,0.545,0.001,2.85699e-09,1.82342e-06,0.112168,638.231145366277,112.168
DataValue,0.544,0.001,2.7596e-09,1.75886e-06,0.1121705,637.360487027105,112.1705
DataValue,0.543,0.001,2.65968e-09,1.689e-06,0.112166,635.0388016603499,112.166
DataValue,0.542,0.001,2.56867e-09,1.62725e-06,0.1121675,633.499048145538,112.1675
DataValue,0.541,0.001,2.48215e-09,1.56801e-06,0.1121685,631.714441109522,112.1685
DataValue,0.54,0.001,2.39301e-09,1.50697e-06,0.1121695,629.738279405435,112.1695
DataValue,0.539,0.001,2.31281e-09,1.45103e-06,0.1121665,627.388328483533,112.1665
DataValue,0.538,0.001,2.2332e-09,1.39825e-06,0.1121635,626.119469819094,112.1635
DataValue,0.537,0.001,2.1523500000000003e-09,1.3441e-06,0.1121695,624.480219295189,112.1695
DataValue,0.536,0.001,2.08099e-09,1.29405e-06,0.1121665,621.8434495120109,112.1665
DataValue,0.535,0.001,2.01112e-09,1.24628e-06,0.112169,619.6944985878521,112.169
DataValue,0.534,0.001,1.9432e-09,1.20136e-06,0.112166,618.23795800741,112.166
DataValue,0.533,0.001,1.87232e-09,1.15479e-06,0.112162,616.769569304392,112.162
DataValue,0.532,0.001,1.81064e-09,1.11243e-06,0.112163,614.384968850793,112.163
DataValue,0.531,0.001,1.75057e-09,1.07185e-06,0.112163,612.2862838961021,112.163
DataValue,0.53,0.001,1.68736e-09,1.03081e-06,0.1121625,610.901052531766,112.1625
DataValue,0.529,0.001,1.62999e-09,1.005119e-06,0.1121705,616.641206387769,112.1705
DataValue,0.528,0.001,1.57668e-09,9.55591e-07,0.112166,606.07796128574,112.166
DataValue,0.527,0.001,1.5185800000000001e-09,9.18408e-07,0.112162,604.7807820463851,112.162
DataValue,0.526,0.001,1.46817e-09,8.848509999999999e-07,0.112167,602.689743013411,112.167
DataValue,0.525,0.001,1.4205e-09,8.525880000000002e-07,0.112168,600.202745512144,112.168
DataValue,0.524,0.001,1.36941e-09,8.19204e-07,0.112165,598.216750279317,112.165
DataValue,0.523,0.001,1.32323e-09,7.891429999999999e-07,0.112159,596.376291347687,112.159
DataValue,0.522,0.001,1.27966e-09,7.60431e-07,0.112164,594.244564962568,112.164
DataValue,0.521,0.001,1.23492e-09,7.30342e-07,0.1121625,591.4083503384829,112.1625
DataValue,0.52,0.001,1.19391e-09,7.03692e-07,0.1121645,589.401211146569,112.1645
DataValue,0.519,0.001,1.15396e-09,6.783719999999999e-07,0.112161,587.8643973794581,112.161
DataValue,0.518,0.001,1.11377e-09,6.515999999999999e-07,0.1121665,585.039999281719,112.1665
DataValue,0.517,0.001,1.07856e-09,6.27983e-07,0.112165,582.242063492063,112.165
DataValue,0.516,0.001,1.04201e-09,6.0486e-07,0.112162,580.474275678736,112.162
DataValue,0.515,0.001,1.0043500000000002e-09,5.81194e-07,0.1121605,578.676756110917,112.1605
DataValue,0.514,0.001,9.71567e-10,5.600139999999999e-07,0.112161,576.40286259208,112.161
DataValue,0.513,0.001,9.40674e-10,5.39235e-07,0.112161,573.243227728203,112.161
DataValue,0.512,0.001,9.08203e-10,5.184129999999999e-07,0.1121645,570.811811896679,112.1645
DataValue,0.511,0.001,8.77548e-10,4.99846e-07,0.112163,569.5939139511461,112.163
DataValue,0.51,0.001,8.4827e-10,4.811829999999999e-07,0.11216,567.252172067856,112.16
DataValue,0.509,0.001,8.19329e-10,4.62162e-07,0.112159,564.07377256267,112.159
DataValue,0.508,0.001,7.93889e-10,4.45542e-07,0.11216,561.2144770868471,112.16
DataValue,0.507,0.001,7.663090000000001e-10,4.291210000000001e-07,0.1121575,559.984288322335,112.1575
DataValue,0.506,0.001,7.40211e-10,4.12322e-07,0.1121555,557.033062194428,112.1555
DataValue,0.505,0.001,7.17484e-10,3.97061e-07,0.1121605,553.407462744814,112.1605
DataValue,0.504,0.001,6.93653e-10,3.82673e-07,0.1121559999999999,551.677856219176,112.156
DataValue,0.503,0.001,6.69283e-10,3.67722e-07,0.1121545,549.4267746229921,112.1545
DataValue,0.502,0.001,6.47627e-10,3.54549e-07,0.1121545,547.45864517693,112.1545
DataValue,0.501,0.001,6.27964e-10,3.41424e-07,0.112159,543.699957322394,112.159
DataValue,0.5,0.001,6.06788e-10,3.28989e-07,0.1121564999999999,542.181124214717,112.1565
