DataName, VC, IT, IC, VT, RPT100
DataValue,0.0,0.001,-2.7904e-07,0.1124749999999999,112.475
DataValue,0.02,0.001,0.00010554,0.1124749999999999,112.475
DataValue,0.04,0.001,0.00029941,0.11247,112.47
DataValue,0.06,0.001,0.00060964,0.11248,112.48
DataValue,0.08,0.001,0.00104487,0.112485,112.485
DataValue,0.1,0.001,0.0015745,0.112495,112.495
DataValue,0.12,0.001,0.0021187999999999,0.112505,112.505
DataValue,0.1399999999999999,0.001,0.0026105,0.1125,112.5
DataValue,0.16,0.001,0.0030004,0.11251,112.51
DataValue,0.18,0.001,0.0032671,0.11252,112.52
DataValue,0.2,0.001,0.0034338,0.11252,112.52
DataValue,0.22,0.001,0.0035298,0.11253,112.53
DataValue,0.24,0.001,0.0035851,0.11252,112.52
DataValue,0.26,0.001,0.0036176,0.11253,112.53
DataValue,0.2799999999999999,0.001,0.0036368999999999,0.11252,112.52
DataValue,0.3,0.001,0.0036501,0.11252,112.52
DataValue,0.32,0.001,0.0036596,0.112525,112.525
DataValue,0.34,0.001,0.0036666,0.112515,112.51500000000001
DataValue,0.36,0.001,0.0036723,0.11252,112.52
DataValue,0.38,0.001,0.003677,0.112525,112.525
DataValue,0.4,0.001,0.0036812999999999,0.11253,112.53
DataValue,0.42,0.001,0.0036847,0.11252,112.52
DataValue,0.44,0.001,0.0036879,0.11252,112.52
DataValue,0.4599999999999999,0.001,0.0036909,0.112535,112.535
DataValue,0.48,0.001,0.0036934999999999,0.112525,112.525
DataValue,0.5,0.001,0.0036955,0.11252,112.52
DataValue,0.52,0.001,0.0036976,0.112525,112.525
DataValue,0.54,0.001,0.0037,0.11253,112.53
DataValue,0.5599999999999999,0.001,0.0037016,0.11253,112.53
DataValue,0.58,0.001,0.0037032,0.11252,112.52
DataValue,0.6,0.001,0.0037047,0.112535,112.535
DataValue,0.6200000000000001,0.001,0.0037063,0.11252,112.52
DataValue,0.6400000000000001,0.001,0.003708,0.112525,112.525
DataValue,0.66,0.001,0.0037091,0.11252,112.52
DataValue,0.68,0.001,0.0037104,0.11252,112.52
DataValue,0.7,0.001,0.0037119,0.11253,112.53
DataValue,0.72,0.001,0.0037125,0.11252,112.52
DataValue,0.7400000000000001,0.001,0.0037135,0.11253,112.53
DataValue,0.76,0.001,0.0037144,0.112515,112.51500000000001
DataValue,0.78,0.001,0.0037156,0.112525,112.525
DataValue,0.8,0.001,0.0037165,0.112525,112.525
DataValue,0.82,0.001,0.0037172999999999,0.11253,112.53
DataValue,0.84,0.001,0.0037183,0.11252,112.52
DataValue,0.86,0.001,0.0037191,0.11252,112.52
DataValue,0.8800000000000001,0.001,0.0037195,0.112535,112.535
DataValue,0.9,0.001,0.0037201,0.112525,112.525
DataValue,0.92,0.001,0.0037209,0.112535,112.535
DataValue,0.94,0.001,0.0037216,0.112515,112.51500000000001
DataValue,0.96,0.001,0.0037223,0.11253,112.53
DataValue,0.98,0.001,0.0037224,0.112525,112.525
DataValue,1.0,0.001,0.0037234,0.112525,112.525
DataValue,1.02,0.001,0.0037235,0.11253,112.53
DataValue,1.04,0.001,0.0037241,0.112525,112.525
DataValue,1.06,0.001,0.0037243,0.112525,112.525
DataValue,1.08,0.001,0.0037252,0.11252,112.52
DataValue,1.1,0.001,0.0037252,0.112515,112.51500000000001
DataValue,1.12,0.001,0.0037258,0.11252,112.52
DataValue,1.14,0.001,0.0037264,0.11252,112.52
DataValue,1.16,0.001,0.0037268,0.11252,112.52
DataValue,1.18,0.001,0.0037268,0.112515,112.51500000000001
DataValue,1.2,0.001,0.0037271,0.112525,112.525
DataValue,1.22,0.001,0.0037278,0.11252,112.52
DataValue,1.24,0.001,0.0037275999999999,0.11253,112.53
DataValue,1.26,0.001,0.0037279,0.112525,112.525
DataValue,1.28,0.001,0.0037286,0.11252,112.52
DataValue,1.3,0.001,0.003729,0.11252,112.52
DataValue,1.32,0.001,0.0037292,0.112515,112.51500000000001
DataValue,1.34,0.001,0.0037294999999999,0.11252,112.52
DataValue,1.36,0.001,0.0037293,0.11252,112.52
DataValue,1.38,0.001,0.0037301,0.11253,112.53
DataValue,1.4,0.001,0.0037301,0.112515,112.51500000000001
DataValue,1.42,0.001,0.0037306,0.112525,112.525
DataValue,1.44,0.001,0.0037306,0.11252,112.52
DataValue,1.46,0.001,0.0037304,0.112515,112.51500000000001
DataValue,1.48,0.001,0.0037313,0.11252,112.52
DataValue,1.5,0.001,0.0037319,0.11251,112.51
DataValue,1.52,0.001,0.0037317,0.11253,112.53
DataValue,1.54,0.001,0.003732,0.11252,112.52
DataValue,1.56,0.001,0.0037322,0.11253,112.53
DataValue,1.58,0.001,0.0037327,0.112515,112.51500000000001
DataValue,1.6,0.001,0.0037327,0.112525,112.525
DataValue,1.62,0.001,0.0037331,0.11252,112.52
DataValue,1.64,0.001,0.0037338,0.11252,112.52
DataValue,1.66,0.001,0.0037336,0.112525,112.525
DataValue,1.68,0.001,0.003734,0.11253,112.53
DataValue,1.7,0.001,0.0037346,0.11252,112.52
DataValue,1.72,0.001,0.0037349,0.11252,112.52
DataValue,1.74,0.001,0.0037351999999999,0.11252,112.52
DataValue,1.76,0.001,0.0037358,0.11252,112.52
DataValue,1.78,0.001,0.0037365,0.11252,112.52
DataValue,1.8,0.001,0.0037367,0.112515,112.51500000000001
DataValue,1.82,0.001,0.0037375,0.112525,112.525
DataValue,1.84,0.001,0.0037378,0.11252,112.52
DataValue,1.86,0.001,0.0037386,0.11252,112.52
DataValue,1.88,0.001,0.003739,0.112525,112.525
DataValue,1.9,0.001,0.0037399,0.112515,112.51500000000001
DataValue,1.92,0.001,0.0037408,0.11252,112.52
DataValue,1.94,0.001,0.0037419,0.11252,112.52
DataValue,1.96,0.001,0.0037429,0.11252,112.52
DataValue,1.98,0.001,0.0037438,0.11252,112.52
DataValue,2.0,0.001,0.0037446,0.112525,112.525
DataValue,2.02,0.001,0.003746,0.112525,112.525
DataValue,2.04,0.001,0.0037473,0.11252,112.52
DataValue,2.06,0.001,0.003749,0.112525,112.525
DataValue,2.08,0.001,0.0037506,0.11252,112.52
DataValue,2.1,0.001,0.0037526,0.11252,112.52
DataValue,2.12,0.001,0.0037547,0.112515,112.51500000000001
DataValue,2.14,0.001,0.0037566,0.11252,112.52
DataValue,2.16,0.001,0.0037588,0.112525,112.525
DataValue,2.18,0.001,0.0037608,0.11252,112.52
DataValue,2.2,0.001,0.0037631,0.112515,112.51500000000001
DataValue,2.22,0.001,0.0037659,0.11252,112.52
DataValue,2.24,0.001,0.0037686,0.11252,112.52
DataValue,2.26,0.001,0.0037719999999999,0.112525,112.525
DataValue,2.28,0.001,0.0037747,0.11252,112.52
DataValue,2.3,0.001,0.0037783,0.11252,112.52
DataValue,2.32,0.001,0.003782,0.11252,112.52
DataValue,2.34,0.001,0.0037854,0.11253,112.53
DataValue,2.36,0.001,0.0037897,0.112515,112.51500000000001
DataValue,2.38,0.001,0.0037935,0.112525,112.525
DataValue,2.4,0.001,0.0037978,0.11252,112.52
DataValue,2.42,0.001,0.0038025,0.112515,112.51500000000001
DataValue,2.44,0.001,0.0038079999999999,0.11252,112.52
DataValue,2.46,0.001,0.0038132,0.11251,112.51
DataValue,2.48,0.001,0.0038182,0.112525,112.525
DataValue,2.5,0.001,0.0038243,0.112515,112.51500000000001
DataValue,2.52,0.001,0.003831,0.11252,112.52
DataValue,2.54,0.001,0.0038369,0.112525,112.525
DataValue,2.56,0.001,0.0038442,0.112515,112.51500000000001
DataValue,2.58,0.001,0.0038511,0.11252,112.52
DataValue,2.6,0.001,0.0038586,0.11252,112.52
DataValue,2.62,0.001,0.0038667,0.11252,112.52
DataValue,2.64,0.001,0.0038748999999999,0.11252,112.52
DataValue,2.66,0.001,0.0038837,0.112515,112.51500000000001
DataValue,2.68,0.001,0.0038926,0.11252,112.52
DataValue,2.7,0.001,0.0039018,0.11252,112.52
DataValue,2.72,0.001,0.003912,0.11252,112.52
DataValue,2.74,0.001,0.0039227,0.112515,112.51500000000001
DataValue,2.76,0.001,0.0039336,0.11252,112.52
DataValue,2.78,0.001,0.0039456,0.11253,112.53
DataValue,2.8,0.001,0.0039577,0.11252,112.52
DataValue,2.82,0.001,0.0039698,0.11253,112.53
DataValue,2.84,0.001,0.0039828,0.11252,112.52
DataValue,2.86,0.001,0.0039965,0.112525,112.525
DataValue,2.88,0.001,0.0040111,0.112525,112.525
DataValue,2.9,0.001,0.004026,0.112525,112.525
DataValue,2.92,0.001,0.0040414,0.11252,112.52
DataValue,2.94,0.001,0.0040578,0.11252,112.52
DataValue,2.96,0.001,0.0040746,0.112525,112.525
DataValue,2.98,0.001,0.0040926999999999,0.112525,112.525
DataValue,3.0,0.001,0.0041111,0.11253,112.53
DataValue,3.0,0.001,0.0041113,0.112525,112.525
DataValue,2.98,0.001,0.0040922,0.11252,112.52
DataValue,2.96,0.001,0.0040744,0.112525,112.525
DataValue,2.94,0.001,0.0040571,0.11253,112.53
DataValue,2.92,0.001,0.0040403,0.112535,112.535
DataValue,2.9,0.001,0.0040242,0.11252,112.52
DataValue,2.88,0.001,0.004009,0.11253,112.53
DataValue,2.86,0.001,0.0039945,0.11252,112.52
DataValue,2.84,0.001,0.0039808,0.112525,112.525
DataValue,2.82,0.001,0.0039673,0.11252,112.52
DataValue,2.8,0.001,0.0039546,0.11252,112.52
DataValue,2.78,0.001,0.003942,0.11252,112.52
DataValue,2.76,0.001,0.0039304,0.11252,112.52
DataValue,2.74,0.001,0.0039198,0.112515,112.51500000000001
DataValue,2.72,0.001,0.003909,0.11252,112.52
DataValue,2.7,0.001,0.0038991,0.11252,112.52
DataValue,2.68,0.001,0.0038893,0.11252,112.52
DataValue,2.66,0.001,0.0038799,0.11253,112.53
DataValue,2.64,0.001,0.0038707,0.11253,112.53
DataValue,2.62,0.001,0.0038624,0.11252,112.52
DataValue,2.6,0.001,0.0038542999999999,0.112525,112.525
DataValue,2.58,0.001,0.0038471,0.11252,112.52
DataValue,2.56,0.001,0.0038395,0.112525,112.525
DataValue,2.54,0.001,0.0038325,0.11252,112.52
DataValue,2.52,0.001,0.0038262,0.112525,112.525
DataValue,2.5,0.001,0.0038195,0.112525,112.525
DataValue,2.48,0.001,0.0038134,0.11252,112.52
DataValue,2.46,0.001,0.0038081,0.112515,112.51500000000001
DataValue,2.44,0.001,0.0038026,0.11252,112.52
DataValue,2.42,0.001,0.0037975,0.11252,112.52
DataValue,2.4,0.001,0.0037927,0.112515,112.51500000000001
DataValue,2.38,0.001,0.0037879999999999,0.112515,112.51500000000001
DataValue,2.36,0.001,0.0037839,0.11252,112.52
DataValue,2.34,0.001,0.0037797,0.11252,112.52
DataValue,2.32,0.001,0.0037762,0.112515,112.51500000000001
DataValue,2.3,0.001,0.0037725,0.11251,112.51
DataValue,2.28,0.001,0.003769,0.11252,112.52
DataValue,2.26,0.001,0.0037663,0.112505,112.505
DataValue,2.24,0.001,0.0037629,0.11252,112.52
DataValue,2.22,0.001,0.0037602,0.11252,112.52
DataValue,2.2,0.001,0.0037573,0.112515,112.51500000000001
DataValue,2.18,0.001,0.0037551,0.11252,112.52
DataValue,2.16,0.001,0.0037525,0.11251,112.51
DataValue,2.14,0.001,0.0037501,0.11251,112.51
DataValue,2.12,0.001,0.0037483,0.11251,112.51
DataValue,2.1,0.001,0.0037464,0.112525,112.525
DataValue,2.08,0.001,0.0037443,0.112515,112.51500000000001
DataValue,2.06,0.001,0.0037424,0.11251,112.51
DataValue,2.04,0.001,0.003741,0.112525,112.525
DataValue,2.02,0.001,0.0037395,0.11251,112.51
DataValue,2.0,0.001,0.0037381,0.11252,112.52
DataValue,1.98,0.001,0.0037368,0.112515,112.51500000000001
DataValue,1.96,0.001,0.0037351,0.11251,112.51
DataValue,1.94,0.001,0.0037346,0.11252,112.52
DataValue,1.92,0.001,0.0037336,0.11252,112.52
DataValue,1.9,0.001,0.0037327,0.112515,112.51500000000001
DataValue,1.88,0.001,0.0037313999999999,0.11251,112.51
DataValue,1.86,0.001,0.0037305,0.112515,112.51500000000001
DataValue,1.84,0.001,0.0037301,0.112515,112.51500000000001
DataValue,1.82,0.001,0.0037296,0.112515,112.51500000000001
DataValue,1.8,0.001,0.0037289,0.112515,112.51500000000001
DataValue,1.78,0.001,0.0037285,0.11252,112.52
DataValue,1.76,0.001,0.0037275999999999,0.112515,112.51500000000001
DataValue,1.74,0.001,0.0037273,0.11251,112.51
DataValue,1.72,0.001,0.003727,0.11252,112.52
DataValue,1.7,0.001,0.0037264,0.11252,112.52
DataValue,1.68,0.001,0.0037263,0.11252,112.52
DataValue,1.66,0.001,0.0037256,0.11251,112.51
DataValue,1.64,0.001,0.0037254,0.112515,112.51500000000001
DataValue,1.62,0.001,0.0037248999999999,0.112515,112.51500000000001
DataValue,1.6,0.001,0.003725,0.11251,112.51
DataValue,1.58,0.001,0.0037243,0.112515,112.51500000000001
DataValue,1.56,0.001,0.0037241,0.11252,112.52
DataValue,1.54,0.001,0.0037237,0.11251,112.51
DataValue,1.52,0.001,0.0037235,0.112515,112.51500000000001
DataValue,1.5,0.001,0.0037233,0.112515,112.51500000000001
DataValue,1.48,0.001,0.0037229,0.11252,112.52
DataValue,1.46,0.001,0.0037229999999999,0.11251,112.51
DataValue,1.44,0.001,0.0037227,0.112515,112.51500000000001
DataValue,1.42,0.001,0.0037227,0.112515,112.51500000000001
DataValue,1.4,0.001,0.0037222,0.112515,112.51500000000001
DataValue,1.38,0.001,0.0037218,0.11251,112.51
DataValue,1.36,0.001,0.0037214,0.112515,112.51500000000001
DataValue,1.34,0.001,0.0037213,0.112515,112.51500000000001
DataValue,1.32,0.001,0.0037212,0.112515,112.51500000000001
DataValue,1.3,0.001,0.0037207,0.112515,112.51500000000001
DataValue,1.28,0.001,0.0037202,0.11251,112.51
DataValue,1.26,0.001,0.0037205,0.112515,112.51500000000001
DataValue,1.24,0.001,0.0037198,0.11251,112.51
DataValue,1.22,0.001,0.0037191999999999,0.11251,112.51
DataValue,1.2,0.001,0.0037189,0.112515,112.51500000000001
DataValue,1.18,0.001,0.0037181,0.112505,112.505
DataValue,1.16,0.001,0.0037182,0.11251,112.51
DataValue,1.14,0.001,0.0037182,0.11251,112.51
DataValue,1.12,0.001,0.0037177,0.11251,112.51
DataValue,1.1,0.001,0.0037178,0.11251,112.51
DataValue,1.08,0.001,0.0037172999999999,0.112515,112.51500000000001
DataValue,1.06,0.001,0.0037164,0.11252,112.52
DataValue,1.04,0.001,0.0037164,0.11251,112.51
DataValue,1.02,0.001,0.0037156,0.112515,112.51500000000001
DataValue,1.0,0.001,0.0037146,0.112505,112.505
DataValue,0.98,0.001,0.0037138,0.11251,112.51
DataValue,0.96,0.001,0.0037136,0.112505,112.505
DataValue,0.94,0.001,0.0037132,0.11251,112.51
DataValue,0.92,0.001,0.0037125,0.112515,112.51500000000001
DataValue,0.9,0.001,0.003712,0.11251,112.51
DataValue,0.8800000000000001,0.001,0.0037112,0.112515,112.51500000000001
DataValue,0.86,0.001,0.0037106,0.112515,112.51500000000001
DataValue,0.84,0.001,0.0037094999999999,0.112515,112.51500000000001
DataValue,0.82,0.001,0.0037088,0.11251,112.51
DataValue,0.8,0.001,0.0037082,0.11251,112.51
DataValue,0.78,0.001,0.0037072,0.112515,112.51500000000001
DataValue,0.76,0.001,0.0037065,0.11251,112.51
DataValue,0.7400000000000001,0.001,0.0037054,0.112505,112.505
DataValue,0.72,0.001,0.0037041,0.11251,112.51
DataValue,0.7,0.001,0.0037032,0.11251,112.51
DataValue,0.68,0.001,0.0037027,0.11251,112.51
DataValue,0.66,0.001,0.0037013,0.11251,112.51
DataValue,0.6400000000000001,0.001,0.0037002,0.11252,112.52
DataValue,0.6200000000000001,0.001,0.003699,0.11251,112.51
DataValue,0.6,0.001,0.0036972,0.112515,112.51500000000001
DataValue,0.58,0.001,0.0036956,0.112505,112.505
DataValue,0.5599999999999999,0.001,0.0036939,0.11251,112.51
DataValue,0.54,0.001,0.0036923,0.11251,112.51
DataValue,0.52,0.001,0.0036903,0.11251,112.51
DataValue,0.5,0.001,0.0036882,0.11251,112.51
DataValue,0.48,0.001,0.0036858,0.11251,112.51
DataValue,0.4599999999999999,0.001,0.0036831,0.112515,112.51500000000001
DataValue,0.44,0.001,0.0036804,0.11251,112.51
DataValue,0.42,0.001,0.0036769,0.11251,112.51
DataValue,0.4,0.001,0.003674,0.112515,112.51500000000001
DataValue,0.38,0.001,0.0036702,0.112515,112.51500000000001
DataValue,0.36,0.001,0.0036653,0.112515,112.51500000000001
DataValue,0.34,0.001,0.0036594,0.112515,112.51500000000001
DataValue,0.32,0.001,0.0036523,0.11251,112.51
DataValue,0.3,0.001,0.0036435,0.11251,112.51
DataValue,0.2799999999999999,0.001,0.0036303999999999,0.112505,112.505
DataValue,0.26,0.001,0.0036106,0.112505,112.505
DataValue,0.24,0.001,0.003578,0.11251,112.51
DataValue,0.22,0.001,0.0035232,0.1125,112.5
DataValue,0.2,0.001,0.0034268,0.112505,112.505
DataValue,0.18,0.001,0.0032602,0.112505,112.505
DataValue,0.16,0.001,0.0029935,0.112495,112.495
DataValue,0.1399999999999999,0.001,0.0026042,0.112495,112.495
DataValue,0.12,0.001,0.0021129,0.11249,112.49
DataValue,0.1,0.001,0.0015692,0.11248,112.48
DataValue,0.08,0.001,0.0010415,0.11247,112.47
DataValue,0.06,0.001,0.00060749,0.11246,112.46
DataValue,0.04,0.001,0.00029818,0.112455,112.455
DataValue,0.02,0.001,0.00010511,0.11246,112.46
DataValue,0.0,0.001,-2.8926e-07,0.11246,112.46
DataValue,0.0,0.001,-1.82636e-06,0.112455,112.455
DataValue,0.02,0.001,0.00019713,0.112455,112.455
DataValue,0.04,0.001,0.000542,0.11247,112.47
DataValue,0.06,0.001,0.00106292,0.1124749999999999,112.475
DataValue,0.08,0.001,0.0017609,0.11248,112.48
DataValue,0.1,0.001,0.0025971,0.11249,112.49
DataValue,0.12,0.001,0.0034849,0.11251,112.51
DataValue,0.1399999999999999,0.001,0.0043574,0.112525,112.525
DataValue,0.16,0.001,0.0051558,0.11253,112.53
DataValue,0.18,0.001,0.0058141,0.11254,112.54
DataValue,0.2,0.001,0.0063201,0.112555,112.555
DataValue,0.22,0.001,0.0066676,0.112555,112.555
DataValue,0.24,0.001,0.0068915,0.112555,112.555
DataValue,0.26,0.001,0.0070298999999999,0.11256,112.56
DataValue,0.2799999999999999,0.001,0.0071138,0.112565,112.565
DataValue,0.3,0.001,0.0071673,0.112565,112.565
DataValue,0.32,0.001,0.0072025,0.112555,112.555
DataValue,0.34,0.001,0.0072267,0.11256,112.56
DataValue,0.36,0.001,0.0072447,0.112565,112.565
DataValue,0.38,0.001,0.0072586,0.11256,112.56
DataValue,0.4,0.001,0.0072696,0.11257,112.57
DataValue,0.42,0.001,0.0072804,0.11257,112.57
DataValue,0.44,0.001,0.0072893,0.112565,112.565
DataValue,0.4599999999999999,0.001,0.0072972,0.11257,112.57
DataValue,0.48,0.001,0.0073038,0.11256,112.56
DataValue,0.5,0.001,0.0073082,0.11256,112.56
DataValue,0.52,0.001,0.0073143,0.11256,112.56
DataValue,0.54,0.001,0.0073187,0.112565,112.565
DataValue,0.5599999999999999,0.001,0.0073225,0.11257,112.57
DataValue,0.58,0.001,0.0073261,0.112565,112.565
DataValue,0.6,0.001,0.0073301999999999,0.11256,112.56
DataValue,0.6200000000000001,0.001,0.0073327999999999,0.11257,112.57
DataValue,0.6400000000000001,0.001,0.0073371,0.11256,112.56
DataValue,0.66,0.001,0.007339,0.11256,112.56
DataValue,0.68,0.001,0.0073413,0.11257,112.57
DataValue,0.7,0.001,0.0073436,0.11256,112.56
DataValue,0.72,0.001,0.007346,0.112565,112.565
DataValue,0.7400000000000001,0.001,0.0073479,0.11256,112.56
DataValue,0.76,0.001,0.007349,0.112565,112.565
DataValue,0.78,0.001,0.0073507,0.11256,112.56
DataValue,0.8,0.001,0.007353,0.112575,112.575
DataValue,0.82,0.001,0.0073539,0.11256,112.56
DataValue,0.84,0.001,0.0073554,0.11256,112.56
DataValue,0.86,0.001,0.0073571,0.11257,112.57
DataValue,0.8800000000000001,0.001,0.0073582,0.112565,112.565
DataValue,0.9,0.001,0.007359,0.11257,112.57
DataValue,0.92,0.001,0.0073602,0.11256,112.56
DataValue,0.94,0.001,0.0073603,0.112565,112.565
DataValue,0.96,0.001,0.0073625999999999,0.112565,112.565
DataValue,0.98,0.001,0.007363,0.11256,112.56
DataValue,1.0,0.001,0.0073625999999999,0.112575,112.575
DataValue,1.02,0.001,0.0073634,0.11256,112.56
DataValue,1.04,0.001,0.0073637,0.112555,112.555
DataValue,1.06,0.001,0.007365,0.11256,112.56
DataValue,1.08,0.001,0.0073647,0.11256,112.56
DataValue,1.1,0.001,0.0073657,0.112565,112.565
DataValue,1.12,0.001,0.0073661,0.112555,112.555
DataValue,1.14,0.001,0.0073663999999999,0.112565,112.565
DataValue,1.16,0.001,0.0073673,0.11256,112.56
DataValue,1.18,0.001,0.0073669,0.112555,112.555
DataValue,1.2,0.001,0.0073674,0.112565,112.565
DataValue,1.22,0.001,0.0073671,0.11256,112.56
DataValue,1.24,0.001,0.0073671,0.11256,112.56
DataValue,1.26,0.001,0.0073687,0.11256,112.56
DataValue,1.28,0.001,0.0073682,0.11256,112.56
DataValue,1.3,0.001,0.0073684,0.112555,112.555
DataValue,1.32,0.001,0.007368,0.112565,112.565
DataValue,1.34,0.001,0.0073679,0.11256,112.56
DataValue,1.36,0.001,0.0073677,0.112555,112.555
DataValue,1.38,0.001,0.0073676,0.11256,112.56
DataValue,1.4,0.001,0.0073673,0.112555,112.555
DataValue,1.42,0.001,0.0073674,0.11256,112.56
DataValue,1.44,0.001,0.0073663999999999,0.112555,112.555
DataValue,1.46,0.001,0.0073665,0.112565,112.565
DataValue,1.48,0.001,0.0073659,0.11256,112.56
DataValue,1.5,0.001,0.0073663999999999,0.11256,112.56
DataValue,1.52,0.001,0.0073659,0.11256,112.56
DataValue,1.54,0.001,0.007366,0.11256,112.56
DataValue,1.56,0.001,0.007366,0.112565,112.565
DataValue,1.58,0.001,0.0073649,0.11256,112.56
DataValue,1.6,0.001,0.0073649,0.11256,112.56
DataValue,1.62,0.001,0.0073652,0.11256,112.56
DataValue,1.64,0.001,0.0073641,0.112565,112.565
DataValue,1.66,0.001,0.0073644,0.112555,112.555
DataValue,1.68,0.001,0.0073643,0.112565,112.565
DataValue,1.7,0.001,0.0073644,0.11256,112.56
DataValue,1.72,0.001,0.007364,0.112555,112.555
DataValue,1.74,0.001,0.0073641,0.112565,112.565
DataValue,1.76,0.001,0.0073639,0.112555,112.555
DataValue,1.78,0.001,0.0073644999999999,0.112555,112.555
DataValue,1.8,0.001,0.0073643,0.11256,112.56
DataValue,1.82,0.001,0.0073646,0.11255,112.55
DataValue,1.84,0.001,0.0073644999999999,0.11256,112.56
DataValue,1.86,0.001,0.0073648,0.11256,112.56
DataValue,1.88,0.001,0.0073655,0.11256,112.56
DataValue,1.9,0.001,0.0073663999999999,0.11256,112.56
DataValue,1.92,0.001,0.0073659,0.112565,112.565
DataValue,1.94,0.001,0.0073666,0.112555,112.555
DataValue,1.96,0.001,0.0073667,0.112555,112.555
DataValue,1.98,0.001,0.007367,0.112565,112.565
DataValue,2.0,0.001,0.0073685,0.11256,112.56
DataValue,2.02,0.001,0.0073695,0.112565,112.565
DataValue,2.04,0.001,0.0073704,0.11255,112.55
DataValue,2.06,0.001,0.0073714,0.112555,112.555
DataValue,2.08,0.001,0.0073726,0.11256,112.56
DataValue,2.1,0.001,0.0073736,0.11256,112.56
DataValue,2.12,0.001,0.007376,0.11256,112.56
DataValue,2.14,0.001,0.0073766,0.11256,112.56
DataValue,2.16,0.001,0.0073796999999999,0.11256,112.56
DataValue,2.18,0.001,0.007382,0.112555,112.555
DataValue,2.2,0.001,0.0073843,0.11256,112.56
DataValue,2.22,0.001,0.0073865,0.112555,112.555
DataValue,2.24,0.001,0.0073902,0.112555,112.555
DataValue,2.26,0.001,0.0073922,0.112565,112.565
DataValue,2.28,0.001,0.0073945999999999,0.112565,112.565
DataValue,2.3,0.001,0.0073986,0.11256,112.56
DataValue,2.32,0.001,0.0074033,0.112565,112.565
DataValue,2.34,0.001,0.0074067,0.11256,112.56
DataValue,2.36,0.001,0.0074109,0.112555,112.555
DataValue,2.38,0.001,0.0074159,0.11256,112.56
DataValue,2.4,0.001,0.0074204,0.11256,112.56
DataValue,2.42,0.001,0.007427,0.112555,112.555
DataValue,2.44,0.001,0.007432,0.112555,112.555
DataValue,2.46,0.001,0.0074378,0.112555,112.555
DataValue,2.48,0.001,0.007445,0.11256,112.56
DataValue,2.5,0.001,0.0074521,0.11256,112.56
DataValue,2.52,0.001,0.0074589999999999,0.112555,112.555
DataValue,2.54,0.001,0.0074661,0.11256,112.56
DataValue,2.56,0.001,0.0074735,0.112555,112.555
DataValue,2.58,0.001,0.0074827,0.11257,112.57
DataValue,2.6,0.001,0.0074909,0.11256,112.56
DataValue,2.62,0.001,0.0075011,0.112555,112.555
DataValue,2.64,0.001,0.0075113,0.11256,112.56
DataValue,2.66,0.001,0.0075214,0.112555,112.555
DataValue,2.68,0.001,0.0075332,0.112555,112.555
DataValue,2.7,0.001,0.007545,0.112555,112.555
DataValue,2.72,0.001,0.0075566,0.112565,112.565
DataValue,2.74,0.001,0.0075694,0.11256,112.56
DataValue,2.76,0.001,0.0075833,0.112565,112.565
DataValue,2.78,0.001,0.0075974,0.112555,112.555
DataValue,2.8,0.001,0.0076127,0.11256,112.56
DataValue,2.82,0.001,0.0076287,0.11256,112.56
DataValue,2.84,0.001,0.0076444,0.112565,112.565
DataValue,2.86,0.001,0.0076606,0.112555,112.555
DataValue,2.88,0.001,0.0076795,0.11256,112.56
DataValue,2.9,0.001,0.007698,0.112565,112.565
DataValue,2.92,0.001,0.0077176,0.112555,112.555
DataValue,2.94,0.001,0.0077378,0.112565,112.565
DataValue,2.96,0.001,0.0077584,0.112565,112.565
DataValue,2.98,0.001,0.0077819,0.112565,112.565
DataValue,3.0,0.001,0.0078044,0.11256,112.56
DataValue,3.0,0.001,0.0078034,0.11256,112.56
DataValue,2.98,0.001,0.0077798,0.11256,112.56
DataValue,2.96,0.001,0.007755,0.112565,112.565
DataValue,2.94,0.001,0.0077336,0.112565,112.565
DataValue,2.92,0.001,0.007712,0.112565,112.565
DataValue,2.9,0.001,0.0076917,0.11256,112.56
DataValue,2.88,0.001,0.0076729,0.112555,112.555
DataValue,2.86,0.001,0.0076547,0.112555,112.555
DataValue,2.84,0.001,0.0076365,0.112565,112.565
DataValue,2.82,0.001,0.0076191,0.11256,112.56
DataValue,2.8,0.001,0.0076019,0.112565,112.565
DataValue,2.78,0.001,0.0075869,0.11256,112.56
DataValue,2.76,0.001,0.0075715,0.112555,112.555
DataValue,2.74,0.001,0.0075579,0.112565,112.565
DataValue,2.72,0.001,0.0075448,0.11256,112.56
DataValue,2.7,0.001,0.0075319,0.11256,112.56
DataValue,2.68,0.001,0.0075192,0.11256,112.56
DataValue,2.66,0.001,0.0075072,0.11256,112.56
DataValue,2.64,0.001,0.0074964,0.11255,112.55
DataValue,2.62,0.001,0.0074858,0.112555,112.555
DataValue,2.6,0.001,0.0074759,0.112555,112.555
DataValue,2.58,0.001,0.0074672,0.112555,112.555
DataValue,2.56,0.001,0.0074577,0.11256,112.56
DataValue,2.54,0.001,0.0074494,0.112555,112.555
DataValue,2.52,0.001,0.0074412,0.11256,112.56
DataValue,2.5,0.001,0.0074335,0.112555,112.555
DataValue,2.48,0.001,0.0074263,0.112555,112.555
DataValue,2.46,0.001,0.0074195,0.112555,112.555
DataValue,2.44,0.001,0.0074131,0.112555,112.555
DataValue,2.42,0.001,0.007406,0.112555,112.555
DataValue,2.4,0.001,0.0074006,0.112555,112.555
DataValue,2.38,0.001,0.0073964,0.11256,112.56
DataValue,2.36,0.001,0.007391,0.11256,112.56
DataValue,2.34,0.001,0.0073856,0.112555,112.555
DataValue,2.32,0.001,0.0073813,0.11256,112.56
DataValue,2.3,0.001,0.0073768,0.11256,112.56
DataValue,2.28,0.001,0.0073745,0.112555,112.555
DataValue,2.26,0.001,0.00737,0.11255,112.55
DataValue,2.24,0.001,0.007367,0.112555,112.555
DataValue,2.22,0.001,0.0073641,0.112555,112.555
DataValue,2.2,0.001,0.0073613,0.11256,112.56
DataValue,2.18,0.001,0.0073582,0.112555,112.555
DataValue,2.16,0.001,0.007356,0.11256,112.56
DataValue,2.14,0.001,0.0073533999999999,0.112555,112.555
DataValue,2.12,0.001,0.0073517,0.11255,112.55
DataValue,2.1,0.001,0.0073503,0.112565,112.565
DataValue,2.08,0.001,0.0073489,0.112555,112.555
DataValue,2.06,0.001,0.0073467,0.11255,112.55
DataValue,2.04,0.001,0.007345,0.112555,112.555
DataValue,2.02,0.001,0.0073445,0.112555,112.555
DataValue,2.0,0.001,0.0073428,0.112555,112.555
DataValue,1.98,0.001,0.0073416,0.11255,112.55
DataValue,1.96,0.001,0.0073411,0.11256,112.56
DataValue,1.94,0.001,0.0073399,0.112555,112.555
DataValue,1.92,0.001,0.0073394,0.11255,112.55
DataValue,1.9,0.001,0.007339,0.112555,112.555
DataValue,1.88,0.001,0.0073392,0.112555,112.555
DataValue,1.86,0.001,0.0073383,0.112555,112.555
DataValue,1.84,0.001,0.0073381,0.11255,112.55
DataValue,1.82,0.001,0.0073368,0.11255,112.55
DataValue,1.8,0.001,0.0073368,0.112555,112.555
DataValue,1.78,0.001,0.0073365,0.112555,112.555
DataValue,1.76,0.001,0.0073353,0.112555,112.555
DataValue,1.74,0.001,0.0073361,0.112555,112.555
DataValue,1.72,0.001,0.0073362,0.112555,112.555
DataValue,1.7,0.001,0.0073371,0.11255,112.55
DataValue,1.68,0.001,0.007336,0.11255,112.55
DataValue,1.66,0.001,0.0073356,0.112555,112.555
DataValue,1.64,0.001,0.0073365999999999,0.11254,112.54
DataValue,1.62,0.001,0.0073361,0.112555,112.555
DataValue,1.6,0.001,0.0073373,0.11255,112.55
DataValue,1.58,0.001,0.0073365,0.11255,112.55
DataValue,1.56,0.001,0.0073373,0.112555,112.555
DataValue,1.54,0.001,0.0073358999999999,0.112555,112.555
DataValue,1.52,0.001,0.0073369,0.112555,112.555
DataValue,1.5,0.001,0.0073371,0.11255,112.55
DataValue,1.48,0.001,0.0073375,0.112565,112.565
DataValue,1.46,0.001,0.0073368,0.11256,112.56
DataValue,1.44,0.001,0.0073371,0.112555,112.555
DataValue,1.42,0.001,0.0073373,0.11256,112.56
DataValue,1.4,0.001,0.0073378,0.11255,112.55
DataValue,1.38,0.001,0.0073383,0.11256,112.56
DataValue,1.36,0.001,0.0073377,0.11255,112.55
DataValue,1.34,0.001,0.0073387,0.11255,112.55
DataValue,1.32,0.001,0.0073387,0.112555,112.555
DataValue,1.3,0.001,0.0073389,0.112555,112.555
DataValue,1.28,0.001,0.0073375,0.11256,112.56
DataValue,1.26,0.001,0.0073377,0.11255,112.55
DataValue,1.24,0.001,0.0073379,0.11256,112.56
DataValue,1.22,0.001,0.0073375,0.112555,112.555
DataValue,1.2,0.001,0.007337,0.11255,112.55
DataValue,1.18,0.001,0.0073377,0.112555,112.555
DataValue,1.16,0.001,0.0073374,0.112555,112.555
DataValue,1.14,0.001,0.0073363,0.112555,112.555
DataValue,1.12,0.001,0.0073369,0.11256,112.56
DataValue,1.1,0.001,0.0073371,0.11255,112.55
DataValue,1.08,0.001,0.0073362,0.112555,112.555
DataValue,1.06,0.001,0.0073357,0.11255,112.55
DataValue,1.04,0.001,0.0073346,0.112545,112.545
DataValue,1.02,0.001,0.0073339999999999,0.112555,112.555
DataValue,1.0,0.001,0.0073344,0.11255,112.55
DataValue,0.98,0.001,0.0073337,0.112555,112.555
DataValue,0.96,0.001,0.0073331,0.112545,112.545
DataValue,0.94,0.001,0.0073315,0.11255,112.55
DataValue,0.92,0.001,0.007332,0.11255,112.55
DataValue,0.9,0.001,0.0073313,0.112555,112.555
DataValue,0.8800000000000001,0.001,0.0073307,0.11255,112.55
DataValue,0.86,0.001,0.0073294,0.112555,112.555
DataValue,0.84,0.001,0.0073282,0.11255,112.55
DataValue,0.82,0.001,0.0073269,0.112555,112.555
DataValue,0.8,0.001,0.0073267,0.11256,112.56
DataValue,0.78,0.001,0.0073246,0.11254,112.54
DataValue,0.76,0.001,0.0073232,0.11255,112.55
DataValue,0.7400000000000001,0.001,0.0073203,0.11256,112.56
DataValue,0.72,0.001,0.0073191,0.112555,112.555
DataValue,0.7,0.001,0.0073168,0.11255,112.55
DataValue,0.68,0.001,0.0073152,0.112555,112.555
DataValue,0.66,0.001,0.0073122,0.112555,112.555
DataValue,0.6400000000000001,0.001,0.0073097,0.11255,112.55
DataValue,0.6200000000000001,0.001,0.0073071,0.112555,112.555
DataValue,0.6,0.001,0.0073047,0.112545,112.545
DataValue,0.58,0.001,0.007301,0.11255,112.55
DataValue,0.5599999999999999,0.001,0.0072975,0.112555,112.555
DataValue,0.54,0.001,0.0072936,0.112555,112.555
DataValue,0.52,0.001,0.0072898,0.112555,112.555
DataValue,0.5,0.001,0.0072837,0.112555,112.555
DataValue,0.48,0.001,0.0072789,0.11256,112.56
DataValue,0.4599999999999999,0.001,0.0072733,0.11255,112.55
DataValue,0.44,0.001,0.0072662,0.112555,112.555
DataValue,0.42,0.001,0.0072576,0.11255,112.55
DataValue,0.4,0.001,0.0072477999999999,0.11255,112.55
DataValue,0.38,0.001,0.007237,0.112545,112.545
DataValue,0.36,0.001,0.0072236,0.112555,112.555
DataValue,0.34,0.001,0.0072046,0.112545,112.545
DataValue,0.32,0.001,0.0071807,0.11255,112.55
DataValue,0.3,0.001,0.0071463,0.11255,112.55
DataValue,0.2799999999999999,0.001,0.0070924,0.112545,112.545
DataValue,0.26,0.001,0.0070088,0.11255,112.55
DataValue,0.24,0.001,0.0068704,0.112545,112.545
DataValue,0.22,0.001,0.0066476,0.11255,112.55
DataValue,0.2,0.001,0.0063003,0.11254,112.54
DataValue,0.18,0.001,0.0057959,0.112535,112.535
DataValue,0.16,0.001,0.0051385,0.11252,112.52
DataValue,0.1399999999999999,0.001,0.0043419999999999,0.1125,112.5
DataValue,0.12,0.001,0.0034712,0.1125,112.5
DataValue,0.1,0.001,0.0025864,0.11249,112.49
DataValue,0.08,0.001,0.0017532,0.1124749999999999,112.475
DataValue,0.06,0.001,0.0010584,0.11246,112.46
DataValue,0.04,0.001,0.00053932,0.112445,112.445
DataValue,0.02,0.001,0.00019618,0.11245,112.45
DataValue,0.0,0.001,-1.7882e-06,0.11244,112.44
DataValue,0.0,0.001,-2.56404e-06,0.11244,112.44
DataValue,0.02,0.001,0.00027787,0.11245,112.45
DataValue,0.04,0.001,0.00074457,0.112455,112.455
DataValue,0.06,0.001,0.0014202,0.11246,112.46
DataValue,0.08,0.001,0.0022934,0.11247,112.47
DataValue,0.1,0.001,0.0033224,0.11249,112.49
DataValue,0.12,0.001,0.0044191,0.1125,112.5
DataValue,0.1399999999999999,0.001,0.005529,0.11253,112.53
DataValue,0.16,0.001,0.0066034,0.112535,112.535
DataValue,0.18,0.001,0.0075767,0.112555,112.555
DataValue,0.2,0.001,0.00843,0.112565,112.565
DataValue,0.22,0.001,0.0091224,0.112575,112.575
DataValue,0.24,0.001,0.0096538,0.11259,112.59
DataValue,0.26,0.001,0.0100384999999999,0.11259,112.59
DataValue,0.2799999999999999,0.001,0.0102957999999999,0.112595,112.595
DataValue,0.3,0.001,0.0104656,0.11259,112.59
DataValue,0.32,0.001,0.0105765,0.112595,112.595
DataValue,0.34,0.001,0.0106492999999999,0.112605,112.605
DataValue,0.36,0.001,0.0107015,0.1125999999999999,112.6
DataValue,0.38,0.001,0.0107402,0.112605,112.605
DataValue,0.4,0.001,0.0107677,0.112595,112.595
DataValue,0.42,0.001,0.0107905,0.11259,112.59
DataValue,0.44,0.001,0.0108077,0.1125999999999999,112.6
DataValue,0.4599999999999999,0.001,0.0108238,0.1125999999999999,112.6
DataValue,0.48,0.001,0.0108358,0.1125999999999999,112.6
DataValue,0.5,0.001,0.0108478999999999,0.11259,112.59
DataValue,0.52,0.001,0.0108579,0.112605,112.605
DataValue,0.54,0.001,0.0108685,0.112605,112.605
DataValue,0.5599999999999999,0.001,0.010875,0.112605,112.605
DataValue,0.58,0.001,0.0108820999999999,0.112605,112.605
DataValue,0.6,0.001,0.0108883,0.1125999999999999,112.6
DataValue,0.6200000000000001,0.001,0.0108931,0.1125999999999999,112.6
DataValue,0.6400000000000001,0.001,0.010898,0.1125999999999999,112.6
DataValue,0.66,0.001,0.010901,0.1125999999999999,112.6
DataValue,0.68,0.001,0.0109063,0.112595,112.595
DataValue,0.7,0.001,0.0109091,0.1125999999999999,112.6
DataValue,0.72,0.001,0.010912,0.1125999999999999,112.6
DataValue,0.7400000000000001,0.001,0.0109159999999999,0.1125999999999999,112.6
DataValue,0.76,0.001,0.0109175,0.112605,112.605
DataValue,0.78,0.001,0.0109208,0.112605,112.605
DataValue,0.8,0.001,0.0109226,0.112605,112.605
DataValue,0.82,0.001,0.010924,0.1125999999999999,112.6
DataValue,0.84,0.001,0.0109255,0.112605,112.605
DataValue,0.86,0.001,0.0109275,0.112605,112.605
DataValue,0.8800000000000001,0.001,0.010928,0.1125999999999999,112.6
DataValue,0.9,0.001,0.0109293,0.1125999999999999,112.6
DataValue,0.92,0.001,0.0109303,0.112595,112.595
DataValue,0.94,0.001,0.0109315,0.112605,112.605
DataValue,0.96,0.001,0.0109322999999999,0.112605,112.605
DataValue,0.98,0.001,0.0109324,0.112595,112.595
DataValue,1.0,0.001,0.0109331,0.1125999999999999,112.6
DataValue,1.02,0.001,0.0109342,0.112595,112.595
DataValue,1.04,0.001,0.0109341,0.112595,112.595
DataValue,1.06,0.001,0.0109339,0.112595,112.595
DataValue,1.08,0.001,0.0109338,0.1125999999999999,112.6
DataValue,1.1,0.001,0.0109334,0.112595,112.595
DataValue,1.12,0.001,0.0109337,0.1125999999999999,112.6
DataValue,1.14,0.001,0.0109329,0.112595,112.595
DataValue,1.16,0.001,0.0109324,0.112605,112.605
DataValue,1.18,0.001,0.0109327,0.1125999999999999,112.6
DataValue,1.2,0.001,0.0109313,0.112595,112.595
DataValue,1.22,0.001,0.0109325,0.1125999999999999,112.6
DataValue,1.24,0.001,0.0109316,0.11261,112.61
DataValue,1.26,0.001,0.010931,0.112605,112.605
DataValue,1.28,0.001,0.0109302,0.1125999999999999,112.6
DataValue,1.3,0.001,0.0109305999999999,0.112595,112.595
DataValue,1.32,0.001,0.0109287,0.1125999999999999,112.6
DataValue,1.34,0.001,0.0109287,0.112595,112.595
DataValue,1.36,0.001,0.0109273,0.1125999999999999,112.6
DataValue,1.38,0.001,0.0109268,0.112595,112.595
DataValue,1.4,0.001,0.0109252,0.11261,112.61
DataValue,1.42,0.001,0.0109242,0.112605,112.605
DataValue,1.44,0.001,0.0109243,0.1125999999999999,112.6
DataValue,1.46,0.001,0.0109236,0.1125999999999999,112.6
DataValue,1.48,0.001,0.0109213,0.1125999999999999,112.6
DataValue,1.5,0.001,0.0109203999999999,0.112605,112.605
DataValue,1.52,0.001,0.0109188,0.1125999999999999,112.6
DataValue,1.54,0.001,0.0109175,0.1125999999999999,112.6
DataValue,1.56,0.001,0.0109155,0.112605,112.605
DataValue,1.58,0.001,0.0109152,0.112605,112.605
DataValue,1.6,0.001,0.0109136,0.1125999999999999,112.6
DataValue,1.62,0.001,0.0109128,0.112605,112.605
DataValue,1.64,0.001,0.0109119,0.1125999999999999,112.6
DataValue,1.66,0.001,0.0109112,0.112605,112.605
DataValue,1.68,0.001,0.0109094,0.112595,112.595
DataValue,1.7,0.001,0.0109083,0.1125999999999999,112.6
DataValue,1.72,0.001,0.0109063,0.112605,112.605
DataValue,1.74,0.001,0.0109049,0.1125999999999999,112.6
DataValue,1.76,0.001,0.0109030999999999,0.112605,112.605
DataValue,1.78,0.001,0.0109027999999999,0.1125999999999999,112.6
DataValue,1.8,0.001,0.010901,0.11259,112.59
DataValue,1.82,0.001,0.0109001,0.112605,112.605
DataValue,1.84,0.001,0.0108980999999999,0.112595,112.595
DataValue,1.86,0.001,0.0108979,0.1125999999999999,112.6
DataValue,1.88,0.001,0.0108971,0.11261,112.61
DataValue,1.9,0.001,0.0108978,0.11259,112.59
DataValue,1.92,0.001,0.0108962,0.1125999999999999,112.6
DataValue,1.94,0.001,0.0108936,0.11259,112.59
DataValue,1.96,0.001,0.0108957,0.112595,112.595
DataValue,1.98,0.001,0.0108949,0.112605,112.605
DataValue,2.0,0.001,0.0108951,0.1125999999999999,112.6
DataValue,2.02,0.001,0.0108937,0.1125999999999999,112.6
DataValue,2.04,0.001,0.0108937,0.112595,112.595
DataValue,2.06,0.001,0.0108929,0.112605,112.605
DataValue,2.08,0.001,0.0108922,0.1125999999999999,112.6
DataValue,2.1,0.001,0.0108936,0.112595,112.595
DataValue,2.12,0.001,0.0108934,0.1125999999999999,112.6
DataValue,2.14,0.001,0.0108951,0.112595,112.595
DataValue,2.16,0.001,0.0108942999999999,0.1125999999999999,112.6
DataValue,2.18,0.001,0.0108956,0.11259,112.59
DataValue,2.2,0.001,0.0108957,0.1125999999999999,112.6
DataValue,2.22,0.001,0.0108968,0.1125999999999999,112.6
DataValue,2.24,0.001,0.0108980999999999,0.1125999999999999,112.6
DataValue,2.26,0.001,0.0108997,0.112605,112.605
DataValue,2.28,0.001,0.0109014,0.1125999999999999,112.6
DataValue,2.3,0.001,0.0109046,0.112595,112.595
DataValue,2.32,0.001,0.0109057,0.1125999999999999,112.6
DataValue,2.34,0.001,0.0109101,0.1125999999999999,112.6
DataValue,2.36,0.001,0.0109123,0.1125999999999999,112.6
DataValue,2.38,0.001,0.0109158,0.112595,112.595
DataValue,2.4,0.001,0.0109194,0.1125999999999999,112.6
DataValue,2.42,0.001,0.0109223,0.11259,112.59
DataValue,2.44,0.001,0.0109274,0.11259,112.59
DataValue,2.46,0.001,0.0109314,0.112605,112.605
DataValue,2.48,0.001,0.0109363999999999,0.112595,112.595
DataValue,2.5,0.001,0.0109427,0.112595,112.595
DataValue,2.52,0.001,0.0109484,0.1125999999999999,112.6
DataValue,2.54,0.001,0.0109542999999999,0.1125999999999999,112.6
DataValue,2.56,0.001,0.0109603999999999,0.1125999999999999,112.6
DataValue,2.58,0.001,0.0109666,0.1125999999999999,112.6
DataValue,2.6,0.001,0.0109754,0.1125999999999999,112.6
DataValue,2.62,0.001,0.0109845,0.112595,112.595
DataValue,2.64,0.001,0.010993,0.112595,112.595
DataValue,2.66,0.001,0.0110020999999999,0.112595,112.595
DataValue,2.68,0.001,0.0110112,0.112595,112.595
DataValue,2.7,0.001,0.0110212,0.112595,112.595
DataValue,2.72,0.001,0.0110325,0.112595,112.595
DataValue,2.74,0.001,0.0110451,0.112595,112.595
DataValue,2.76,0.001,0.0110568,0.1125999999999999,112.6
DataValue,2.78,0.001,0.0110695,0.112605,112.605
DataValue,2.8,0.001,0.0110834,0.112595,112.595
DataValue,2.82,0.001,0.0110979,0.1125999999999999,112.6
DataValue,2.84,0.001,0.0111135,0.11259,112.59
DataValue,2.86,0.001,0.0111294,0.1125999999999999,112.6
DataValue,2.88,0.001,0.011146,0.112605,112.605
DataValue,2.9,0.001,0.0111637,0.112595,112.595
DataValue,2.92,0.001,0.0111828,0.11261,112.61
DataValue,2.94,0.001,0.0112024,0.1125999999999999,112.6
DataValue,2.96,0.001,0.0112239,0.112605,112.605
DataValue,2.98,0.001,0.0112453,0.112605,112.605
DataValue,3.0,0.001,0.0112681,0.112605,112.605
DataValue,3.0,0.001,0.0112672,0.1125999999999999,112.6
DataValue,2.98,0.001,0.0112407,0.11261,112.61
DataValue,2.96,0.001,0.0112173,0.1125999999999999,112.6
DataValue,2.94,0.001,0.0111959,0.112595,112.595
DataValue,2.92,0.001,0.0111746,0.1125999999999999,112.6
DataValue,2.9,0.001,0.0111544,0.112605,112.605
DataValue,2.88,0.001,0.0111349,0.1125999999999999,112.6
DataValue,2.86,0.001,0.0111161,0.112595,112.595
DataValue,2.84,0.001,0.0110985,0.1125999999999999,112.6
DataValue,2.82,0.001,0.0110822,0.112605,112.605
DataValue,2.8,0.001,0.0110654999999999,0.112595,112.595
DataValue,2.78,0.001,0.0110507,0.1125999999999999,112.6
DataValue,2.76,0.001,0.0110353999999999,0.112595,112.595
DataValue,2.74,0.001,0.011021,0.112605,112.605
DataValue,2.72,0.001,0.0110095,0.112595,112.595
DataValue,2.7,0.001,0.0109969,0.1125999999999999,112.6
DataValue,2.68,0.001,0.0109867,0.11259,112.59
DataValue,2.66,0.001,0.0109746,0.112595,112.595
DataValue,2.64,0.001,0.0109641,0.112595,112.595
DataValue,2.62,0.001,0.0109552,0.112595,112.595
DataValue,2.6,0.001,0.0109449,0.112605,112.605
DataValue,2.58,0.001,0.0109363999999999,0.112595,112.595
DataValue,2.56,0.001,0.010929,0.112595,112.595
DataValue,2.54,0.001,0.0109202,0.112595,112.595
DataValue,2.52,0.001,0.0109138,0.1125999999999999,112.6
DataValue,2.5,0.001,0.0109061,0.112595,112.595
DataValue,2.48,0.001,0.0108989,0.1125999999999999,112.6
DataValue,2.46,0.001,0.0108934,0.1125999999999999,112.6
DataValue,2.44,0.001,0.010889,0.112595,112.595
DataValue,2.42,0.001,0.0108834999999999,0.112605,112.605
DataValue,2.4,0.001,0.0108788,0.112595,112.595
DataValue,2.38,0.001,0.0108741,0.112595,112.595
DataValue,2.36,0.001,0.0108688,0.112595,112.595
DataValue,2.34,0.001,0.0108653,0.1125999999999999,112.6
DataValue,2.32,0.001,0.0108616,0.1125999999999999,112.6
DataValue,2.3,0.001,0.0108586,0.1125999999999999,112.6
DataValue,2.28,0.001,0.0108571,0.112595,112.595
DataValue,2.26,0.001,0.0108545,0.11259,112.59
DataValue,2.24,0.001,0.0108518,0.112595,112.595
DataValue,2.22,0.001,0.0108508,0.1125999999999999,112.6
DataValue,2.2,0.001,0.0108475,0.112595,112.595
DataValue,2.18,0.001,0.0108473,0.112595,112.595
DataValue,2.16,0.001,0.0108461,0.112595,112.595
DataValue,2.14,0.001,0.0108441,0.11259,112.59
DataValue,2.12,0.001,0.0108444,0.11259,112.59
DataValue,2.1,0.001,0.0108426,0.1125999999999999,112.6
DataValue,2.08,0.001,0.0108428,0.1125999999999999,112.6
DataValue,2.06,0.001,0.0108411,0.112605,112.605
DataValue,2.04,0.001,0.0108414,0.11259,112.59
DataValue,2.02,0.001,0.0108387999999999,0.112595,112.595
DataValue,2.0,0.001,0.0108383,0.11259,112.59
DataValue,1.98,0.001,0.0108392,0.112595,112.595
DataValue,1.96,0.001,0.0108401,0.112595,112.595
DataValue,1.94,0.001,0.0108413,0.112595,112.595
DataValue,1.92,0.001,0.0108403999999999,0.112605,112.605
DataValue,1.9,0.001,0.01084,0.112595,112.595
DataValue,1.88,0.001,0.0108414,0.112595,112.595
DataValue,1.86,0.001,0.0108412,0.112595,112.595
DataValue,1.84,0.001,0.0108426,0.112585,112.585
DataValue,1.82,0.001,0.0108436,0.11259,112.59
DataValue,1.8,0.001,0.0108437999999999,0.112595,112.595
DataValue,1.78,0.001,0.010844,0.1125999999999999,112.6
DataValue,1.76,0.001,0.0108457,0.11259,112.59
DataValue,1.74,0.001,0.0108463,0.11259,112.59
DataValue,1.72,0.001,0.0108464,0.11259,112.59
DataValue,1.7,0.001,0.010847,0.112595,112.595
DataValue,1.68,0.001,0.0108474,0.112595,112.595
DataValue,1.66,0.001,0.0108486,0.11259,112.59
DataValue,1.64,0.001,0.0108501,0.112595,112.595
DataValue,1.62,0.001,0.0108522,0.11259,112.59
DataValue,1.6,0.001,0.0108531,0.112595,112.595
DataValue,1.58,0.001,0.0108534,0.11259,112.59
DataValue,1.56,0.001,0.0108541,0.11259,112.59
DataValue,1.54,0.001,0.010856,0.11259,112.59
DataValue,1.52,0.001,0.0108566999999999,0.11259,112.59
DataValue,1.5,0.001,0.0108583,0.112595,112.595
DataValue,1.48,0.001,0.0108573,0.11259,112.59
DataValue,1.46,0.001,0.0108577999999999,0.11259,112.59
DataValue,1.44,0.001,0.01086,0.11259,112.59
DataValue,1.42,0.001,0.0108604,0.1125999999999999,112.6
DataValue,1.4,0.001,0.0108609,0.112595,112.595
DataValue,1.38,0.001,0.0108631,0.1125999999999999,112.6
DataValue,1.36,0.001,0.0108635,0.1125999999999999,112.6
DataValue,1.34,0.001,0.0108647999999999,0.112595,112.595
DataValue,1.32,0.001,0.0108645,0.112595,112.595
DataValue,1.3,0.001,0.0108657,0.11259,112.59
DataValue,1.28,0.001,0.0108668999999999,0.11259,112.59
DataValue,1.26,0.001,0.0108676,0.1125999999999999,112.6
DataValue,1.24,0.001,0.0108675,0.112595,112.595
DataValue,1.22,0.001,0.0108685,0.112595,112.595
DataValue,1.2,0.001,0.0108678,0.112595,112.595
DataValue,1.18,0.001,0.0108683,0.112595,112.595
DataValue,1.16,0.001,0.0108688999999999,0.11259,112.59
DataValue,1.14,0.001,0.010871,0.112595,112.595
DataValue,1.12,0.001,0.0108712999999999,0.11259,112.59
DataValue,1.1,0.001,0.0108709,0.11259,112.59
DataValue,1.08,0.001,0.0108715999999999,0.1125999999999999,112.6
DataValue,1.06,0.001,0.0108714,0.112595,112.595
DataValue,1.04,0.001,0.0108717,0.112595,112.595
DataValue,1.02,0.001,0.0108711,0.11259,112.59
DataValue,1.0,0.001,0.0108714,0.112595,112.595
DataValue,0.98,0.001,0.01087,0.112595,112.595
DataValue,0.96,0.001,0.0108704,0.112585,112.585
DataValue,0.94,0.001,0.0108701,0.112595,112.595
DataValue,0.92,0.001,0.0108695,0.11259,112.59
DataValue,0.9,0.001,0.010868,0.11259,112.59
DataValue,0.8800000000000001,0.001,0.0108671999999999,0.112595,112.595
DataValue,0.86,0.001,0.0108671,0.112595,112.595
DataValue,0.84,0.001,0.0108646,0.1125999999999999,112.6
DataValue,0.82,0.001,0.0108642,0.112595,112.595
DataValue,0.8,0.001,0.0108627,0.1125999999999999,112.6
DataValue,0.78,0.001,0.010861,0.11259,112.59
DataValue,0.76,0.001,0.0108589,0.112595,112.595
DataValue,0.7400000000000001,0.001,0.0108563,0.112595,112.595
DataValue,0.72,0.001,0.0108545,0.112595,112.595
DataValue,0.7,0.001,0.0108528,0.11259,112.59
DataValue,0.68,0.001,0.0108475999999999,0.112595,112.595
DataValue,0.66,0.001,0.0108442,0.11259,112.59
DataValue,0.6400000000000001,0.001,0.010842,0.11259,112.59
DataValue,0.6200000000000001,0.001,0.0108359999999999,0.112595,112.595
DataValue,0.6,0.001,0.0108307,0.112595,112.595
DataValue,0.58,0.001,0.0108253,0.11259,112.59
DataValue,0.5599999999999999,0.001,0.0108192,0.11259,112.59
DataValue,0.54,0.001,0.0108126,0.112605,112.605
DataValue,0.52,0.001,0.0108052,0.112595,112.595
DataValue,0.5,0.001,0.0107949,0.112585,112.585
DataValue,0.48,0.001,0.0107844999999999,0.11259,112.59
DataValue,0.4599999999999999,0.001,0.0107722999999999,0.11259,112.59
DataValue,0.44,0.001,0.0107572,0.11259,112.59
DataValue,0.42,0.001,0.0107393,0.11259,112.59
DataValue,0.4,0.001,0.0107179,0.11259,112.59
DataValue,0.38,0.001,0.0106914,0.112595,112.595
DataValue,0.36,0.001,0.0106538,0.112585,112.585
DataValue,0.34,0.001,0.0106021,0.11259,112.59
DataValue,0.32,0.001,0.0105295,0.112595,112.595
DataValue,0.3,0.001,0.0104205,0.11259,112.59
DataValue,0.2799999999999999,0.001,0.0102519,0.112585,112.585
DataValue,0.26,0.001,0.0099972,0.11258,112.57999999999998
DataValue,0.24,0.001,0.0096151,0.112585,112.585
DataValue,0.22,0.001,0.0090866,0.11256,112.56
DataValue,0.2,0.001,0.0083975,0.112555,112.555
DataValue,0.18,0.001,0.0075465,0.112535,112.535
DataValue,0.16,0.001,0.0065762,0.11253,112.53
DataValue,0.1399999999999999,0.001,0.0055054,0.112505,112.505
DataValue,0.12,0.001,0.0043994,0.11249,112.49
DataValue,0.1,0.001,0.0033063,0.11249,112.49
DataValue,0.08,0.001,0.0022814,0.112465,112.465
DataValue,0.06,0.001,0.0014119,0.112455,112.455
DataValue,0.04,0.001,0.0007402999999999,0.11244,112.44
DataValue,0.02,0.001,0.00027637,0.112435,112.435
DataValue,0.0,0.001,-2.63548e-06,0.112435,112.435
DataValue,0.0,0.001,-3.3277999999999997e-06,0.11243,112.43
DataValue,0.02,0.001,0.00034941,0.112445,112.445
DataValue,0.04,0.001,0.00091661,0.112445,112.445
DataValue,0.06,0.001,0.0017102,0.11245,112.45
DataValue,0.08,0.001,0.0027098,0.1124749999999999,112.475
DataValue,0.1,0.001,0.0038687,0.1125,112.5
DataValue,0.12,0.001,0.0051009,0.112505,112.505
DataValue,0.1399999999999999,0.001,0.0063571,0.112525,112.525
DataValue,0.16,0.001,0.0076013,0.112545,112.545
DataValue,0.18,0.001,0.0087712,0.112555,112.555
DataValue,0.2,0.001,0.0098601,0.11258,112.57999999999998
DataValue,0.22,0.001,0.0108238,0.11259,112.59
DataValue,0.24,0.001,0.011663,0.112605,112.605
DataValue,0.26,0.001,0.012359,0.11262,112.62
DataValue,0.2799999999999999,0.001,0.012904,0.11263,112.63
DataValue,0.3,0.001,0.013317,0.11263,112.63
DataValue,0.32,0.001,0.013609,0.112645,112.645
DataValue,0.34,0.001,0.013812,0.112645,112.645
DataValue,0.36,0.001,0.0139569999999999,0.11265,112.65
DataValue,0.38,0.001,0.014055,0.112645,112.645
DataValue,0.4,0.001,0.014127,0.112645,112.645
DataValue,0.42,0.001,0.014181,0.11265,112.65
DataValue,0.44,0.001,0.014223,0.112645,112.645
DataValue,0.4599999999999999,0.001,0.014255,0.11265,112.65
DataValue,0.48,0.001,0.01428,0.11265,112.65
DataValue,0.5,0.001,0.014303,0.112655,112.655
DataValue,0.52,0.001,0.014322,0.11265,112.65
DataValue,0.54,0.001,0.014339,0.11265,112.65
DataValue,0.5599999999999999,0.001,0.014353,0.112655,112.655
DataValue,0.58,0.001,0.014364,0.112655,112.655
DataValue,0.6,0.001,0.014373,0.11265,112.65
DataValue,0.6200000000000001,0.001,0.0143819999999999,0.11265,112.65
DataValue,0.6400000000000001,0.001,0.014389,0.11265,112.65
DataValue,0.66,0.001,0.014399,0.112645,112.645
DataValue,0.68,0.001,0.014405,0.112645,112.645
DataValue,0.7,0.001,0.01441,0.11265,112.65
DataValue,0.72,0.001,0.014413,0.112655,112.655
DataValue,0.7400000000000001,0.001,0.014419,0.112655,112.655
DataValue,0.76,0.001,0.0144219999999999,0.112655,112.655
DataValue,0.78,0.001,0.0144249999999999,0.11266,112.66
DataValue,0.8,0.001,0.014426,0.112655,112.655
DataValue,0.82,0.001,0.014431,0.11265,112.65
DataValue,0.84,0.001,0.014431,0.11266,112.66
DataValue,0.86,0.001,0.014435,0.11266,112.66
DataValue,0.8800000000000001,0.001,0.014434,0.11265,112.65
DataValue,0.9,0.001,0.014435,0.11266,112.66
DataValue,0.92,0.001,0.014435,0.11266,112.66
DataValue,0.94,0.001,0.014437,0.112655,112.655
DataValue,0.96,0.001,0.014436,0.112655,112.655
DataValue,0.98,0.001,0.014438,0.11265,112.65
DataValue,1.0,0.001,0.014437,0.112655,112.655
DataValue,1.02,0.001,0.014436,0.112655,112.655
DataValue,1.04,0.001,0.014437,0.11265,112.65
DataValue,1.06,0.001,0.014437,0.11265,112.65
DataValue,1.08,0.001,0.014435,0.112655,112.655
DataValue,1.1,0.001,0.014435,0.11266,112.66
DataValue,1.12,0.001,0.014435,0.11265,112.65
DataValue,1.14,0.001,0.014436,0.11265,112.65
DataValue,1.16,0.001,0.014432,0.11265,112.65
DataValue,1.18,0.001,0.014431,0.11265,112.65
DataValue,1.2,0.001,0.014431,0.112645,112.645
DataValue,1.22,0.001,0.014428,0.112655,112.655
DataValue,1.24,0.001,0.014427,0.112655,112.655
DataValue,1.26,0.001,0.0144249999999999,0.11265,112.65
DataValue,1.28,0.001,0.014421,0.112655,112.655
DataValue,1.3,0.001,0.014421,0.11265,112.65
DataValue,1.32,0.001,0.014417,0.112655,112.655
DataValue,1.34,0.001,0.014415,0.11265,112.65
DataValue,1.36,0.001,0.014413,0.11265,112.65
DataValue,1.38,0.001,0.014412,0.11265,112.65
DataValue,1.4,0.001,0.014411,0.11265,112.65
DataValue,1.42,0.001,0.014408,0.11265,112.65
DataValue,1.44,0.001,0.014406,0.11265,112.65
DataValue,1.46,0.001,0.014405,0.11265,112.65
DataValue,1.48,0.001,0.0144009999999999,0.112655,112.655
DataValue,1.5,0.001,0.014399,0.11265,112.65
DataValue,1.52,0.001,0.014396,0.11265,112.65
DataValue,1.54,0.001,0.014394,0.11265,112.65
DataValue,1.56,0.001,0.014392,0.11265,112.65
DataValue,1.58,0.001,0.014389,0.11265,112.65
DataValue,1.6,0.001,0.014386,0.11265,112.65
DataValue,1.62,0.001,0.0143849999999999,0.11265,112.65
DataValue,1.64,0.001,0.014381,0.11264,112.64
DataValue,1.66,0.001,0.014379,0.11265,112.65
DataValue,1.68,0.001,0.014376,0.11265,112.65
DataValue,1.7,0.001,0.014373,0.112655,112.655
DataValue,1.72,0.001,0.01437,0.112645,112.645
DataValue,1.74,0.001,0.014369,0.112655,112.655
DataValue,1.76,0.001,0.014365,0.112645,112.645
DataValue,1.78,0.001,0.0143629999999999,0.112645,112.645
DataValue,1.8,0.001,0.0143609999999999,0.11265,112.65
DataValue,1.82,0.001,0.014356,0.11265,112.65
DataValue,1.84,0.001,0.014353,0.112655,112.655
DataValue,1.86,0.001,0.014351,0.112645,112.645
DataValue,1.88,0.001,0.014346,0.11265,112.65
DataValue,1.9,0.001,0.014347,0.11265,112.65
DataValue,1.92,0.001,0.014345,0.112645,112.645
DataValue,1.94,0.001,0.01434,0.11265,112.65
DataValue,1.96,0.001,0.014338,0.11264,112.64
DataValue,1.98,0.001,0.014338,0.11265,112.65
DataValue,2.0,0.001,0.014336,0.11265,112.65
DataValue,2.02,0.001,0.014332,0.112645,112.645
DataValue,2.04,0.001,0.014329,0.112655,112.655
DataValue,2.06,0.001,0.014328,0.11265,112.65
DataValue,2.08,0.001,0.014326,0.11265,112.65
DataValue,2.1,0.001,0.0143229999999999,0.112645,112.645
DataValue,2.12,0.001,0.014322,0.11265,112.65
DataValue,2.14,0.001,0.01432,0.11265,112.65
DataValue,2.16,0.001,0.014319,0.112645,112.645
DataValue,2.18,0.001,0.0143179999999999,0.112655,112.655
DataValue,2.2,0.001,0.014315,0.11265,112.65
DataValue,2.22,0.001,0.014315,0.112655,112.655
DataValue,2.24,0.001,0.014313,0.11265,112.65
DataValue,2.26,0.001,0.014315,0.112645,112.645
DataValue,2.28,0.001,0.014314,0.11264,112.64
DataValue,2.3,0.001,0.014314,0.112645,112.645
DataValue,2.32,0.001,0.014316,0.11265,112.65
DataValue,2.34,0.001,0.014313,0.112645,112.645
DataValue,2.36,0.001,0.014316,0.112655,112.655
DataValue,2.38,0.001,0.014316,0.112645,112.645
DataValue,2.4,0.001,0.014316,0.112645,112.645
DataValue,2.42,0.001,0.014319,0.112655,112.655
DataValue,2.44,0.001,0.01432,0.11265,112.65
DataValue,2.46,0.001,0.014322,0.11265,112.65
DataValue,2.48,0.001,0.014325,0.112645,112.645
DataValue,2.5,0.001,0.014328,0.112655,112.655
DataValue,2.52,0.001,0.014331,0.11264,112.64
DataValue,2.54,0.001,0.014336,0.112655,112.655
DataValue,2.56,0.001,0.01434,0.11265,112.65
DataValue,2.58,0.001,0.014345,0.11265,112.65
DataValue,2.6,0.001,0.014349,0.11265,112.65
DataValue,2.62,0.001,0.014354,0.11265,112.65
DataValue,2.64,0.001,0.0143609999999999,0.112655,112.655
DataValue,2.66,0.001,0.014365,0.11265,112.65
DataValue,2.68,0.001,0.014375,0.112655,112.655
DataValue,2.7,0.001,0.014383,0.11265,112.65
DataValue,2.72,0.001,0.014389,0.112655,112.655
DataValue,2.74,0.001,0.0144,0.11264,112.64
DataValue,2.76,0.001,0.014407,0.11265,112.65
DataValue,2.78,0.001,0.014419,0.11265,112.65
DataValue,2.8,0.001,0.014429,0.11265,112.65
DataValue,2.82,0.001,0.0144409999999999,0.11265,112.65
DataValue,2.84,0.001,0.014455,0.11265,112.65
DataValue,2.86,0.001,0.014467,0.11265,112.65
DataValue,2.88,0.001,0.014482,0.112655,112.655
DataValue,2.9,0.001,0.014495,0.112645,112.645
DataValue,2.92,0.001,0.01451,0.11265,112.65
DataValue,2.94,0.001,0.0145259999999999,0.112645,112.645
DataValue,2.96,0.001,0.014543,0.11265,112.65
DataValue,2.98,0.001,0.01456,0.112645,112.645
DataValue,3.0,0.001,0.01458,0.11265,112.65
DataValue,3.0,0.001,0.014579,0.11264,112.64
DataValue,2.98,0.001,0.014556,0.112645,112.645
DataValue,2.96,0.001,0.014534,0.112655,112.655
DataValue,2.94,0.001,0.014514,0.11264,112.64
DataValue,2.92,0.001,0.014496,0.11265,112.65
DataValue,2.9,0.001,0.014477,0.112645,112.645
DataValue,2.88,0.001,0.014461,0.112645,112.645
DataValue,2.86,0.001,0.0144439999999999,0.11264,112.64
DataValue,2.84,0.001,0.014428,0.11264,112.64
DataValue,2.82,0.001,0.014412,0.11265,112.65
DataValue,2.8,0.001,0.014399,0.11265,112.65
DataValue,2.78,0.001,0.0143849999999999,0.11265,112.65
DataValue,2.76,0.001,0.014375,0.112645,112.645
DataValue,2.74,0.001,0.0143629999999999,0.11265,112.65
DataValue,2.72,0.001,0.01435,0.112645,112.645
DataValue,2.7,0.001,0.014341,0.112645,112.645
DataValue,2.68,0.001,0.014331,0.11265,112.65
DataValue,2.66,0.001,0.0143229999999999,0.112645,112.645
DataValue,2.64,0.001,0.014312,0.11265,112.65
DataValue,2.62,0.001,0.014305,0.11264,112.64
DataValue,2.6,0.001,0.014296,0.11265,112.65
DataValue,2.58,0.001,0.014292,0.11265,112.65
DataValue,2.56,0.001,0.014285,0.112645,112.645
DataValue,2.54,0.001,0.0142779999999999,0.112645,112.645
DataValue,2.52,0.001,0.014273,0.11265,112.65
DataValue,2.5,0.001,0.014267,0.112645,112.645
DataValue,2.48,0.001,0.014263,0.11264,112.64
DataValue,2.46,0.001,0.01426,0.112645,112.645
DataValue,2.44,0.001,0.014256,0.112645,112.645
DataValue,2.42,0.001,0.014251,0.112645,112.645
DataValue,2.4,0.001,0.014248,0.112655,112.655
DataValue,2.38,0.001,0.014245,0.112645,112.645
DataValue,2.36,0.001,0.014246,0.112645,112.645
DataValue,2.34,0.001,0.014245,0.11264,112.64
DataValue,2.32,0.001,0.01424,0.11264,112.64
DataValue,2.3,0.001,0.014239,0.112645,112.645
DataValue,2.28,0.001,0.014238,0.112645,112.645
DataValue,2.26,0.001,0.014237,0.11265,112.65
DataValue,2.24,0.001,0.014236,0.11264,112.64
DataValue,2.22,0.001,0.014236,0.11264,112.64
DataValue,2.2,0.001,0.014237,0.112645,112.645
DataValue,2.18,0.001,0.014235,0.112635,112.635
DataValue,2.16,0.001,0.014235,0.112645,112.645
DataValue,2.14,0.001,0.014237,0.112645,112.645
DataValue,2.12,0.001,0.014237,0.112645,112.645
DataValue,2.1,0.001,0.014238,0.11264,112.64
DataValue,2.08,0.001,0.014239,0.11265,112.65
DataValue,2.06,0.001,0.014238,0.112645,112.645
DataValue,2.04,0.001,0.014238,0.112635,112.635
DataValue,2.02,0.001,0.014242,0.11265,112.65
DataValue,2.0,0.001,0.0142429999999999,0.11264,112.64
DataValue,1.98,0.001,0.014244,0.11264,112.64
DataValue,1.96,0.001,0.014244,0.11264,112.64
DataValue,1.94,0.001,0.014246,0.112645,112.645
DataValue,1.92,0.001,0.014249,0.112645,112.645
DataValue,1.9,0.001,0.014251,0.112645,112.645
DataValue,1.88,0.001,0.014253,0.112645,112.645
DataValue,1.86,0.001,0.014253,0.11264,112.64
DataValue,1.84,0.001,0.014254,0.11265,112.65
DataValue,1.82,0.001,0.014258,0.11264,112.64
DataValue,1.8,0.001,0.01426,0.11264,112.64
DataValue,1.78,0.001,0.0142619999999999,0.11265,112.65
DataValue,1.76,0.001,0.0142639999999999,0.112645,112.645
DataValue,1.74,0.001,0.014265,0.112645,112.645
DataValue,1.72,0.001,0.01427,0.11264,112.64
DataValue,1.7,0.001,0.014271,0.11265,112.65
DataValue,1.68,0.001,0.014272,0.11265,112.65
DataValue,1.66,0.001,0.014276,0.11264,112.64
DataValue,1.64,0.001,0.014277,0.112645,112.645
DataValue,1.62,0.001,0.01428,0.112645,112.645
DataValue,1.6,0.001,0.014281,0.11265,112.65
DataValue,1.58,0.001,0.014285,0.112645,112.645
DataValue,1.56,0.001,0.014287,0.112645,112.645
DataValue,1.54,0.001,0.014286,0.11264,112.64
DataValue,1.52,0.001,0.014291,0.11265,112.65
DataValue,1.5,0.001,0.014292,0.11264,112.64
DataValue,1.48,0.001,0.014294,0.112655,112.655
DataValue,1.46,0.001,0.014297,0.11264,112.64
DataValue,1.44,0.001,0.014298,0.11264,112.64
DataValue,1.42,0.001,0.014301,0.11265,112.65
DataValue,1.4,0.001,0.0143019999999999,0.112645,112.645
DataValue,1.38,0.001,0.0143039999999999,0.11265,112.65
DataValue,1.36,0.001,0.014307,0.11265,112.65
DataValue,1.34,0.001,0.014309,0.11265,112.65
DataValue,1.32,0.001,0.014311,0.112645,112.645
DataValue,1.3,0.001,0.014312,0.11264,112.64
DataValue,1.28,0.001,0.014315,0.112645,112.645
DataValue,1.26,0.001,0.014317,0.112635,112.635
DataValue,1.24,0.001,0.0143179999999999,0.112645,112.645
DataValue,1.22,0.001,0.01432,0.11264,112.64
DataValue,1.2,0.001,0.014321,0.112655,112.655
DataValue,1.18,0.001,0.0143229999999999,0.11265,112.65
DataValue,1.16,0.001,0.014325,0.112645,112.645
DataValue,1.14,0.001,0.014325,0.112645,112.645
DataValue,1.12,0.001,0.014326,0.112645,112.645
DataValue,1.1,0.001,0.014328,0.11265,112.65
DataValue,1.08,0.001,0.014328,0.112645,112.645
DataValue,1.06,0.001,0.014328,0.112645,112.645
DataValue,1.04,0.001,0.014328,0.11264,112.64
DataValue,1.02,0.001,0.014331,0.112645,112.645
DataValue,1.0,0.001,0.014331,0.11264,112.64
DataValue,0.98,0.001,0.014331,0.11264,112.64
DataValue,0.96,0.001,0.014332,0.11264,112.64
DataValue,0.94,0.001,0.014332,0.11264,112.64
DataValue,0.92,0.001,0.014331,0.112645,112.645
DataValue,0.9,0.001,0.014332,0.11264,112.64
DataValue,0.8800000000000001,0.001,0.014329,0.11265,112.65
DataValue,0.86,0.001,0.014328,0.11265,112.65
DataValue,0.84,0.001,0.014329,0.11264,112.64
DataValue,0.82,0.001,0.014328,0.11265,112.65
DataValue,0.8,0.001,0.014324,0.11264,112.64
DataValue,0.78,0.001,0.0143229999999999,0.11264,112.64
DataValue,0.76,0.001,0.01432,0.112645,112.645
DataValue,0.7400000000000001,0.001,0.014317,0.11265,112.65
DataValue,0.72,0.001,0.014314,0.11264,112.64
DataValue,0.7,0.001,0.014309,0.11264,112.64
DataValue,0.68,0.001,0.014305,0.11264,112.64
DataValue,0.66,0.001,0.0143,0.11264,112.64
DataValue,0.6400000000000001,0.001,0.014294,0.11265,112.65
DataValue,0.6200000000000001,0.001,0.014288,0.112645,112.645
DataValue,0.6,0.001,0.014279,0.11264,112.64
DataValue,0.58,0.001,0.014269,0.112645,112.645
DataValue,0.5599999999999999,0.001,0.0142589999999999,0.112645,112.645
DataValue,0.54,0.001,0.014245,0.11265,112.65
DataValue,0.52,0.001,0.014233,0.11264,112.64
DataValue,0.5,0.001,0.014214,0.11264,112.64
DataValue,0.48,0.001,0.014193,0.112645,112.645
DataValue,0.4599999999999999,0.001,0.014169,0.112645,112.645
DataValue,0.44,0.001,0.014137,0.112645,112.645
DataValue,0.42,0.001,0.014098,0.11264,112.64
DataValue,0.4,0.001,0.014046,0.112635,112.635
DataValue,0.38,0.001,0.013976,0.11263,112.63
DataValue,0.36,0.001,0.013878,0.11265,112.65
DataValue,0.34,0.001,0.013739,0.11264,112.64
DataValue,0.32,0.001,0.01354,0.11263,112.63
DataValue,0.3,0.001,0.013249,0.11263,112.63
DataValue,0.2799999999999999,0.001,0.012842,0.11262,112.62
DataValue,0.26,0.001,0.012303,0.112615,112.615
DataValue,0.24,0.001,0.011612,0.1125999999999999,112.6
DataValue,0.22,0.001,0.010782,0.11259,112.59
DataValue,0.2,0.001,0.0098173999999999,0.112565,112.565
DataValue,0.18,0.001,0.0087327999999999,0.112555,112.555
DataValue,0.16,0.001,0.0075667,0.112535,112.535
DataValue,0.1399999999999999,0.001,0.006328,0.11251,112.51
DataValue,0.12,0.001,0.0050754,0.11249,112.49
DataValue,0.1,0.001,0.0038484,0.1124749999999999,112.475
DataValue,0.08,0.001,0.0026945,0.112465,112.465
DataValue,0.06,0.001,0.0016999,0.11244,112.44
DataValue,0.04,0.001,0.00091094,0.112435,112.435
DataValue,0.02,0.001,0.00034713,0.11243,112.43
DataValue,0.0,0.001,-3.4672e-06,0.11242,112.42000000000002
DataValue,0.0,0.001,-4.235e-06,0.112425,112.425
DataValue,0.02,0.001,0.00041332,0.112425,112.425
DataValue,0.04,0.001,0.0010656399999999,0.11244,112.44
DataValue,0.06,0.001,0.0019532,0.112455,112.455
DataValue,0.08,0.001,0.0030476,0.1124749999999999,112.475
DataValue,0.1,0.001,0.0043009,0.11248,112.48
DataValue,0.12,0.001,0.0056262,0.112505,112.505
DataValue,0.1399999999999999,0.001,0.0069801,0.112525,112.525
DataValue,0.16,0.001,0.0083312,0.11254,112.54
DataValue,0.18,0.001,0.0096228,0.11257,112.57
DataValue,0.2,0.001,0.0108556,0.11258,112.57999999999998
DataValue,0.22,0.001,0.011996,0.11262,112.62
DataValue,0.24,0.001,0.0130289999999999,0.112625,112.625
DataValue,0.26,0.001,0.013963,0.11264,112.64
DataValue,0.2799999999999999,0.001,0.014769,0.112645,112.645
DataValue,0.3,0.001,0.01546,0.11266,112.66
DataValue,0.32,0.001,0.0160179999999999,0.112665,112.665
DataValue,0.34,0.001,0.01646,0.11268,112.68
DataValue,0.36,0.001,0.016798,0.11268,112.68
DataValue,0.38,0.001,0.017046,0.11268,112.68
DataValue,0.4,0.001,0.017228,0.112685,112.685
DataValue,0.42,0.001,0.017359,0.112685,112.685
DataValue,0.44,0.001,0.017457,0.11269,112.69
DataValue,0.4599999999999999,0.001,0.017529,0.1126949999999999,112.695
DataValue,0.48,0.001,0.017589,0.112685,112.685
DataValue,0.5,0.001,0.017635,0.1127,112.7
DataValue,0.52,0.001,0.017673,0.11269,112.69
DataValue,0.54,0.001,0.017702,0.1126949999999999,112.695
DataValue,0.5599999999999999,0.001,0.017728,0.11269,112.69
DataValue,0.58,0.001,0.017751,0.1126949999999999,112.695
DataValue,0.6,0.001,0.01777,0.1126949999999999,112.695
DataValue,0.6200000000000001,0.001,0.017785,0.1127,112.7
DataValue,0.6400000000000001,0.001,0.017797,0.1127,112.7
DataValue,0.66,0.001,0.017808,0.11269,112.69
DataValue,0.68,0.001,0.017818,0.1127,112.7
DataValue,0.7,0.001,0.017827,0.1127,112.7
DataValue,0.72,0.001,0.017836,0.112705,112.705
DataValue,0.7400000000000001,0.001,0.01784,0.1126949999999999,112.695
DataValue,0.76,0.001,0.017845,0.1126949999999999,112.695
DataValue,0.78,0.001,0.017849,0.1127,112.7
DataValue,0.8,0.001,0.01785,0.112685,112.685
DataValue,0.82,0.001,0.017856,0.11269,112.69
DataValue,0.84,0.001,0.017856,0.1127,112.7
DataValue,0.86,0.001,0.01786,0.1126949999999999,112.695
DataValue,0.8800000000000001,0.001,0.017862,0.1126949999999999,112.695
DataValue,0.9,0.001,0.017864,0.1126949999999999,112.695
DataValue,0.92,0.001,0.017866,0.1126949999999999,112.695
DataValue,0.94,0.001,0.017865,0.1127,112.7
DataValue,0.96,0.001,0.017866,0.1127,112.7
DataValue,0.98,0.001,0.017863,0.11269,112.69
DataValue,1.0,0.001,0.017864,0.11269,112.69
DataValue,1.02,0.001,0.017863,0.1127,112.7
DataValue,1.04,0.001,0.017862,0.11269,112.69
DataValue,1.06,0.001,0.017861,0.11269,112.69
DataValue,1.08,0.001,0.017859,0.1126949999999999,112.695
DataValue,1.1,0.001,0.017859,0.1126949999999999,112.695
DataValue,1.12,0.001,0.017855,0.1127,112.7
DataValue,1.14,0.001,0.017855,0.1126949999999999,112.695
DataValue,1.16,0.001,0.017854,0.1126949999999999,112.695
DataValue,1.18,0.001,0.017851,0.1126949999999999,112.695
DataValue,1.2,0.001,0.017848,0.1126949999999999,112.695
DataValue,1.22,0.001,0.017844,0.11269,112.69
DataValue,1.24,0.001,0.017841,0.1126949999999999,112.695
DataValue,1.26,0.001,0.01784,0.11269,112.69
DataValue,1.28,0.001,0.017838,0.1126949999999999,112.695
DataValue,1.3,0.001,0.017834,0.11269,112.69
DataValue,1.32,0.001,0.01783,0.1127,112.7
DataValue,1.34,0.001,0.017827,0.11269,112.69
DataValue,1.36,0.001,0.017824,0.1126949999999999,112.695
DataValue,1.38,0.001,0.017819,0.1126949999999999,112.695
DataValue,1.4,0.001,0.017816,0.1127,112.7
DataValue,1.42,0.001,0.017814,0.1126949999999999,112.695
DataValue,1.44,0.001,0.017808,0.11269,112.69
DataValue,1.46,0.001,0.017805,0.1126949999999999,112.695
DataValue,1.48,0.001,0.017801,0.11269,112.69
DataValue,1.5,0.001,0.017797,0.1127,112.7
DataValue,1.52,0.001,0.017792,0.11269,112.69
DataValue,1.54,0.001,0.0177879999999999,0.11269,112.69
DataValue,1.56,0.001,0.017782,0.1126949999999999,112.695
DataValue,1.58,0.001,0.017779,0.1126949999999999,112.695
DataValue,1.6,0.001,0.017776,0.11269,112.69
DataValue,1.62,0.001,0.01777,0.11269,112.69
DataValue,1.64,0.001,0.017766,0.1126949999999999,112.695
DataValue,1.66,0.001,0.017762,0.1126949999999999,112.695
DataValue,1.68,0.001,0.017758,0.1126949999999999,112.695
DataValue,1.7,0.001,0.017752,0.11269,112.69
DataValue,1.72,0.001,0.017747,0.11268,112.68
DataValue,1.74,0.001,0.017744,0.112685,112.685
DataValue,1.76,0.001,0.017738,0.11269,112.69
DataValue,1.78,0.001,0.017734,0.11269,112.69
DataValue,1.8,0.001,0.017728,0.11269,112.69
DataValue,1.82,0.001,0.017724,0.1126949999999999,112.695
DataValue,1.84,0.001,0.017718,0.11269,112.69
DataValue,1.86,0.001,0.017712,0.112685,112.685
DataValue,1.88,0.001,0.01771,0.11269,112.69
DataValue,1.9,0.001,0.017705,0.11268,112.68
DataValue,1.92,0.001,0.0177,0.1126949999999999,112.695
DataValue,1.94,0.001,0.017692,0.112685,112.685
DataValue,1.96,0.001,0.017692,0.11269,112.69
DataValue,1.98,0.001,0.017686,0.1126949999999999,112.695
DataValue,2.0,0.001,0.017683,0.1126949999999999,112.695
DataValue,2.02,0.001,0.017679,0.11269,112.69
DataValue,2.04,0.001,0.017671,0.11269,112.69
DataValue,2.06,0.001,0.017668,0.1126949999999999,112.695
DataValue,2.08,0.001,0.017663,0.11269,112.69
DataValue,2.1,0.001,0.01766,0.11269,112.69
DataValue,2.12,0.001,0.017657,0.1126949999999999,112.695
DataValue,2.14,0.001,0.017653,0.11269,112.69
DataValue,2.16,0.001,0.0176489999999999,0.11269,112.69
DataValue,2.18,0.001,0.017646,0.11269,112.69
DataValue,2.2,0.001,0.017641,0.1126949999999999,112.695
DataValue,2.22,0.001,0.017639,0.11269,112.69
DataValue,2.24,0.001,0.017637,0.1126949999999999,112.695
DataValue,2.26,0.001,0.017632,0.1126949999999999,112.695
DataValue,2.28,0.001,0.017628,0.1126949999999999,112.695
DataValue,2.3,0.001,0.017625,0.112685,112.685
DataValue,2.32,0.001,0.017624,0.11269,112.69
DataValue,2.34,0.001,0.017621,0.1126949999999999,112.695
DataValue,2.36,0.001,0.017619,0.11268,112.68
DataValue,2.38,0.001,0.017617,0.11269,112.69
DataValue,2.4,0.001,0.017614,0.112685,112.685
DataValue,2.42,0.001,0.017615,0.11269,112.69
DataValue,2.44,0.001,0.017612,0.11269,112.69
DataValue,2.46,0.001,0.017611,0.112685,112.685
DataValue,2.48,0.001,0.017611,0.112685,112.685
DataValue,2.5,0.001,0.017611,0.112685,112.685
DataValue,2.52,0.001,0.017613,0.11269,112.69
DataValue,2.54,0.001,0.017612,0.112685,112.685
DataValue,2.56,0.001,0.017613,0.112685,112.685
DataValue,2.58,0.001,0.017615,0.11269,112.69
DataValue,2.6,0.001,0.017618,0.112685,112.685
DataValue,2.62,0.001,0.017619,0.11269,112.69
DataValue,2.64,0.001,0.017622,0.11269,112.69
DataValue,2.66,0.001,0.017622,0.112685,112.685
DataValue,2.68,0.001,0.017628,0.112685,112.685
DataValue,2.7,0.001,0.017634,0.11269,112.69
DataValue,2.72,0.001,0.017639,0.11269,112.69
DataValue,2.74,0.001,0.017643,0.11269,112.69
DataValue,2.76,0.001,0.0176489999999999,0.1127,112.7
DataValue,2.78,0.001,0.017656,0.11269,112.69
DataValue,2.8,0.001,0.017663,0.1126949999999999,112.695
DataValue,2.82,0.001,0.017671,0.112685,112.685
DataValue,2.84,0.001,0.017679,0.11269,112.69
DataValue,2.86,0.001,0.017688,0.11269,112.69
DataValue,2.88,0.001,0.017697,0.112685,112.685
DataValue,2.9,0.001,0.0177079999999999,0.112685,112.685
DataValue,2.92,0.001,0.01772,0.112685,112.685
DataValue,2.94,0.001,0.017731,0.1126949999999999,112.695
DataValue,2.96,0.001,0.017745,0.11269,112.69
DataValue,2.98,0.001,0.017757,0.11269,112.69
DataValue,3.0,0.001,0.017771,0.11269,112.69
DataValue,3.0,0.001,0.017769,0.11269,112.69
DataValue,2.98,0.001,0.01775,0.11269,112.69
DataValue,2.96,0.001,0.0177289999999999,0.112705,112.705
DataValue,2.94,0.001,0.017713,0.11269,112.69
DataValue,2.92,0.001,0.017697,0.1126949999999999,112.695
DataValue,2.9,0.001,0.017682,0.11269,112.69
DataValue,2.88,0.001,0.017666,0.11269,112.69
DataValue,2.86,0.001,0.017653,0.1126949999999999,112.695
DataValue,2.84,0.001,0.01764,0.112685,112.685
DataValue,2.82,0.001,0.017626,0.11269,112.69
DataValue,2.8,0.001,0.017615,0.1126949999999999,112.695
DataValue,2.78,0.001,0.017605,0.112685,112.685
DataValue,2.76,0.001,0.017598,0.1126949999999999,112.695
DataValue,2.74,0.001,0.017588,0.11269,112.69
DataValue,2.72,0.001,0.017578,0.112685,112.685
DataValue,2.7,0.001,0.017573,0.11269,112.69
DataValue,2.68,0.001,0.017565,0.11269,112.69
DataValue,2.66,0.001,0.017555,0.11269,112.69
DataValue,2.64,0.001,0.017551,0.11269,112.69
DataValue,2.62,0.001,0.017545,0.112685,112.685
DataValue,2.6,0.001,0.01754,0.112685,112.685
DataValue,2.58,0.001,0.017536,0.11269,112.69
DataValue,2.56,0.001,0.017533,0.11268,112.68
DataValue,2.54,0.001,0.01753,0.11269,112.69
DataValue,2.52,0.001,0.017525,0.112685,112.685
DataValue,2.5,0.001,0.017526,0.112685,112.685
DataValue,2.48,0.001,0.017521,0.11268,112.68
DataValue,2.46,0.001,0.01752,0.112685,112.685
DataValue,2.44,0.001,0.01752,0.112685,112.685
DataValue,2.42,0.001,0.017518,0.11268,112.68
DataValue,2.4,0.001,0.017519,0.112685,112.685
DataValue,2.38,0.001,0.017517,0.112685,112.685
DataValue,2.36,0.001,0.017515,0.11268,112.68
DataValue,2.34,0.001,0.017516,0.112685,112.685
DataValue,2.32,0.001,0.017517,0.1126949999999999,112.695
DataValue,2.3,0.001,0.017518,0.11269,112.69
DataValue,2.28,0.001,0.017518,0.11268,112.68
DataValue,2.26,0.001,0.017518,0.11269,112.69
DataValue,2.24,0.001,0.01752,0.112685,112.685
DataValue,2.22,0.001,0.017523,0.112685,112.685
DataValue,2.2,0.001,0.017527,0.11269,112.69
DataValue,2.18,0.001,0.017528,0.11269,112.69
DataValue,2.16,0.001,0.017528,0.112675,112.675
DataValue,2.14,0.001,0.017532,0.11269,112.69
DataValue,2.12,0.001,0.017532,0.112685,112.685
DataValue,2.1,0.001,0.017536,0.11269,112.69
DataValue,2.08,0.001,0.017537,0.112685,112.685
DataValue,2.06,0.001,0.017541,0.11269,112.69
DataValue,2.04,0.001,0.017545,0.11269,112.69
DataValue,2.02,0.001,0.017549,0.11269,112.69
DataValue,2.0,0.001,0.017552,0.112685,112.685
DataValue,1.98,0.001,0.017554,0.11269,112.69
DataValue,1.96,0.001,0.017557,0.112685,112.685
DataValue,1.94,0.001,0.017561,0.11269,112.69
DataValue,1.92,0.001,0.017563,0.112685,112.685
DataValue,1.9,0.001,0.017566,0.11269,112.69
DataValue,1.88,0.001,0.017573,0.112685,112.685
DataValue,1.86,0.001,0.017575,0.112685,112.685
DataValue,1.84,0.001,0.017578,0.11269,112.69
DataValue,1.82,0.001,0.017581,0.112685,112.685
DataValue,1.8,0.001,0.017587,0.11269,112.69
DataValue,1.78,0.001,0.017589,0.11268,112.68
DataValue,1.76,0.001,0.017594,0.11268,112.68
DataValue,1.74,0.001,0.017599,0.11269,112.69
DataValue,1.72,0.001,0.017601,0.11268,112.68
DataValue,1.7,0.001,0.017607,0.11269,112.69
DataValue,1.68,0.001,0.01761,0.11268,112.68
DataValue,1.66,0.001,0.017614,0.11269,112.69
DataValue,1.64,0.001,0.017617,0.112685,112.685
DataValue,1.62,0.001,0.017619,0.112685,112.685
DataValue,1.6,0.001,0.017622,0.112685,112.685
DataValue,1.58,0.001,0.017624,0.112685,112.685
DataValue,1.56,0.001,0.01763,0.1126949999999999,112.695
DataValue,1.54,0.001,0.017634,0.11269,112.69
DataValue,1.52,0.001,0.017639,0.112685,112.685
DataValue,1.5,0.001,0.017641,0.112685,112.685
DataValue,1.48,0.001,0.017647,0.11269,112.69
DataValue,1.46,0.001,0.017648,0.11269,112.69
DataValue,1.44,0.001,0.017651,0.112685,112.685
DataValue,1.42,0.001,0.017654,0.112685,112.685
DataValue,1.4,0.001,0.017661,0.1126949999999999,112.695
DataValue,1.38,0.001,0.017663,0.112685,112.685
DataValue,1.36,0.001,0.017667,0.112685,112.685
DataValue,1.34,0.001,0.017669,0.11269,112.69
DataValue,1.32,0.001,0.017675,0.112685,112.685
DataValue,1.3,0.001,0.017676,0.112685,112.685
DataValue,1.28,0.001,0.017679,0.112685,112.685
DataValue,1.26,0.001,0.01768,0.11269,112.69
DataValue,1.24,0.001,0.017683,0.11269,112.69
DataValue,1.22,0.001,0.017687,0.11268,112.68
DataValue,1.2,0.001,0.017688,0.112685,112.685
DataValue,1.18,0.001,0.017692,0.11268,112.68
DataValue,1.16,0.001,0.017694,0.112685,112.685
DataValue,1.14,0.001,0.017697,0.11269,112.69
DataValue,1.12,0.001,0.017699,0.11268,112.68
DataValue,1.1,0.001,0.017703,0.112685,112.685
DataValue,1.08,0.001,0.017705,0.11269,112.69
DataValue,1.06,0.001,0.017706,0.11269,112.69
DataValue,1.04,0.001,0.017709,0.11269,112.69
DataValue,1.02,0.001,0.0177079999999999,0.11269,112.69
DataValue,1.0,0.001,0.017711,0.11269,112.69
DataValue,0.98,0.001,0.017713,0.11268,112.68
DataValue,0.96,0.001,0.017713,0.11269,112.69
DataValue,0.94,0.001,0.017712,0.112685,112.685
DataValue,0.92,0.001,0.017711,0.112685,112.685
DataValue,0.9,0.001,0.017714,0.112685,112.685
DataValue,0.8800000000000001,0.001,0.017712,0.11269,112.69
DataValue,0.86,0.001,0.01771,0.1127,112.7
DataValue,0.84,0.001,0.017707,0.11269,112.69
DataValue,0.82,0.001,0.01771,0.1126949999999999,112.695
DataValue,0.8,0.001,0.017707,0.11269,112.69
DataValue,0.78,0.001,0.017702,0.11269,112.69
DataValue,0.76,0.001,0.0177,0.1126949999999999,112.695
DataValue,0.7400000000000001,0.001,0.017695,0.11269,112.69
DataValue,0.72,0.001,0.017689,0.11269,112.69
DataValue,0.7,0.001,0.017684,0.112685,112.685
DataValue,0.68,0.001,0.017673,0.1126949999999999,112.695
DataValue,0.66,0.001,0.017665,0.11268,112.68
DataValue,0.6400000000000001,0.001,0.017655,0.112685,112.685
DataValue,0.6200000000000001,0.001,0.017643,0.11268,112.68
DataValue,0.6,0.001,0.01763,0.1126949999999999,112.695
DataValue,0.58,0.001,0.017613,0.11268,112.68
DataValue,0.5599999999999999,0.001,0.017594,0.11269,112.69
DataValue,0.54,0.001,0.017571,0.11269,112.69
DataValue,0.52,0.001,0.01754,0.11268,112.68
DataValue,0.5,0.001,0.017508,0.11269,112.69
DataValue,0.48,0.001,0.017463,0.112685,112.685
DataValue,0.4599999999999999,0.001,0.017407,0.11269,112.69
DataValue,0.44,0.001,0.017335,0.11268,112.68
DataValue,0.42,0.001,0.017241,0.11268,112.68
DataValue,0.4,0.001,0.017114,0.112675,112.675
DataValue,0.38,0.001,0.016937,0.112675,112.675
DataValue,0.36,0.001,0.016695,0.11267,112.67
DataValue,0.34,0.001,0.016365,0.112665,112.665
DataValue,0.32,0.001,0.015931,0.112665,112.665
DataValue,0.3,0.001,0.015378,0.112655,112.655
DataValue,0.2799999999999999,0.001,0.014694,0.11264,112.64
DataValue,0.26,0.001,0.013895,0.112635,112.635
DataValue,0.24,0.001,0.012968,0.112615,112.615
DataValue,0.22,0.001,0.01194,0.112605,112.605
DataValue,0.2,0.001,0.010812,0.112585,112.585
DataValue,0.18,0.001,0.009579,0.112555,112.555
DataValue,0.16,0.001,0.0082921,0.11254,112.54
DataValue,0.1399999999999999,0.001,0.006946,0.11252,112.52
DataValue,0.12,0.001,0.0055971,0.112495,112.495
DataValue,0.1,0.001,0.0042775,0.11248,112.48
DataValue,0.08,0.001,0.0030299,0.11246,112.46
DataValue,0.06,0.001,0.0019409,0.112455,112.455
DataValue,0.04,0.001,0.0010588,0.11243,112.43
DataValue,0.02,0.001,0.00041067,0.11242,112.42000000000002
DataValue,0.0,0.001,-4.1831e-06,0.11242,112.42000000000002
DataValue,0.0,0.001,-4.8668e-06,0.112415,112.415
DataValue,0.02,0.001,0.00047138,0.11243,112.43
DataValue,0.04,0.001,0.0011973,0.112435,112.435
DataValue,0.06,0.001,0.0021617,0.11245,112.45
DataValue,0.08,0.001,0.0033313,0.11247,112.47
DataValue,0.1,0.001,0.0046559999999999,0.11248,112.48
DataValue,0.12,0.001,0.0060496,0.112505,112.505
DataValue,0.1399999999999999,0.001,0.007473,0.112525,112.525
DataValue,0.16,0.001,0.008897,0.11255,112.55
DataValue,0.18,0.001,0.0102697,0.11256,112.56
DataValue,0.2,0.001,0.0116,0.112595,112.595
DataValue,0.22,0.001,0.01284,0.11262,112.62
DataValue,0.24,0.001,0.013999,0.112635,112.635
DataValue,0.26,0.001,0.015081,0.11264,112.64
DataValue,0.2799999999999999,0.001,0.01606,0.112655,112.655
DataValue,0.3,0.001,0.01695,0.112675,112.675
DataValue,0.32,0.001,0.017732,0.112685,112.685
DataValue,0.34,0.001,0.01841,0.112705,112.705
DataValue,0.36,0.001,0.018992,0.11271,112.71
DataValue,0.38,0.001,0.019465,0.11272,112.72
DataValue,0.4,0.001,0.019847,0.112725,112.725
DataValue,0.42,0.001,0.020145,0.11272,112.72
DataValue,0.44,0.001,0.020374,0.112725,112.725
DataValue,0.4599999999999999,0.001,0.020552,0.112725,112.725
DataValue,0.48,0.001,0.020684,0.11273,112.73
DataValue,0.5,0.001,0.020785,0.112735,112.735
DataValue,0.52,0.001,0.020867,0.11273,112.73
DataValue,0.54,0.001,0.020931,0.11273,112.73
DataValue,0.5599999999999999,0.001,0.020984,0.112745,112.745
DataValue,0.58,0.001,0.021023,0.11273,112.73
DataValue,0.6,0.001,0.021059,0.11274,112.74
DataValue,0.6200000000000001,0.001,0.0210869999999999,0.112745,112.745
DataValue,0.6400000000000001,0.001,0.021114,0.11273,112.73
DataValue,0.66,0.001,0.021135,0.112745,112.745
DataValue,0.68,0.001,0.021152,0.11273,112.73
DataValue,0.7,0.001,0.021165,0.11274,112.74
DataValue,0.72,0.001,0.02118,0.112735,112.735
DataValue,0.7400000000000001,0.001,0.021191,0.112725,112.725
DataValue,0.76,0.001,0.0212009999999999,0.11274,112.74
DataValue,0.78,0.001,0.021209,0.112735,112.735
DataValue,0.8,0.001,0.021212,0.112745,112.745
DataValue,0.82,0.001,0.02122,0.112735,112.735
DataValue,0.84,0.001,0.021223,0.11274,112.74
DataValue,0.86,0.001,0.021227,0.11273,112.73
DataValue,0.8800000000000001,0.001,0.021231,0.112735,112.735
DataValue,0.9,0.001,0.02123,0.112735,112.735
DataValue,0.92,0.001,0.021233,0.112735,112.735
DataValue,0.94,0.001,0.02123,0.112735,112.735
DataValue,0.96,0.001,0.021232,0.112735,112.735
DataValue,0.98,0.001,0.021231,0.11274,112.74
DataValue,1.0,0.001,0.0212279999999999,0.112735,112.735
DataValue,1.02,0.001,0.021227,0.112735,112.735
DataValue,1.04,0.001,0.021229,0.11274,112.74
DataValue,1.06,0.001,0.021227,0.112745,112.745
DataValue,1.08,0.001,0.021223,0.11274,112.74
DataValue,1.1,0.001,0.02122,0.11274,112.74
DataValue,1.12,0.001,0.021217,0.11273,112.73
DataValue,1.14,0.001,0.021216,0.112735,112.735
DataValue,1.16,0.001,0.021212,0.11274,112.74
DataValue,1.18,0.001,0.021208,0.11274,112.74
DataValue,1.2,0.001,0.021204,0.11274,112.74
DataValue,1.22,0.001,0.0212,0.11274,112.74
DataValue,1.24,0.001,0.021197,0.112745,112.745
DataValue,1.26,0.001,0.02119,0.112735,112.735
DataValue,1.28,0.001,0.021187,0.112735,112.735
DataValue,1.3,0.001,0.021183,0.112735,112.735
DataValue,1.32,0.001,0.021182,0.11274,112.74
DataValue,1.34,0.001,0.021172,0.112735,112.735
DataValue,1.36,0.001,0.021168,0.112735,112.735
DataValue,1.38,0.001,0.021162,0.112735,112.735
DataValue,1.4,0.001,0.021157,0.11273,112.73
DataValue,1.42,0.001,0.021151,0.11274,112.74
DataValue,1.44,0.001,0.0211459999999999,0.112735,112.735
DataValue,1.46,0.001,0.021139,0.112735,112.735
DataValue,1.48,0.001,0.021133,0.112735,112.735
DataValue,1.5,0.001,0.021127,0.112735,112.735
DataValue,1.52,0.001,0.0211209999999999,0.112735,112.735
DataValue,1.54,0.001,0.021114,0.112735,112.735
DataValue,1.56,0.001,0.021107,0.11274,112.74
DataValue,1.58,0.001,0.021103,0.112735,112.735
DataValue,1.6,0.001,0.021097,0.112735,112.735
DataValue,1.62,0.001,0.021089,0.11273,112.73
DataValue,1.64,0.001,0.021084,0.112735,112.735
DataValue,1.66,0.001,0.021078,0.112735,112.735
DataValue,1.68,0.001,0.02107,0.112735,112.735
DataValue,1.7,0.001,0.021063,0.112735,112.735
DataValue,1.72,0.001,0.021058,0.112735,112.735
DataValue,1.74,0.001,0.021048,0.112735,112.735
DataValue,1.76,0.001,0.02104,0.112725,112.725
DataValue,1.78,0.001,0.021034,0.11274,112.74
DataValue,1.8,0.001,0.0210279999999999,0.112725,112.725
DataValue,1.82,0.001,0.021017,0.112735,112.735
DataValue,1.84,0.001,0.021011,0.112735,112.735
DataValue,1.86,0.001,0.0210069999999999,0.112725,112.725
DataValue,1.88,0.001,0.021,0.11273,112.73
DataValue,1.9,0.001,0.020992,0.11273,112.73
DataValue,1.92,0.001,0.020985,0.11273,112.73
DataValue,1.94,0.001,0.020979,0.112735,112.735
DataValue,1.96,0.001,0.020971,0.11273,112.73
DataValue,1.98,0.001,0.020964,0.11273,112.73
DataValue,2.0,0.001,0.020957,0.112735,112.735
DataValue,2.02,0.001,0.02095,0.112735,112.735
DataValue,2.04,0.001,0.020943,0.112725,112.725
DataValue,2.06,0.001,0.020936,0.11273,112.73
DataValue,2.08,0.001,0.020928,0.11272,112.72
DataValue,2.1,0.001,0.02092,0.112735,112.735
DataValue,2.12,0.001,0.020915,0.11273,112.73
DataValue,2.14,0.001,0.020907,0.112735,112.735
DataValue,2.16,0.001,0.020901,0.112715,112.715
DataValue,2.18,0.001,0.020894,0.112735,112.735
DataValue,2.2,0.001,0.020887,0.11273,112.73
DataValue,2.22,0.001,0.020881,0.112725,112.725
DataValue,2.24,0.001,0.020877,0.112735,112.735
DataValue,2.26,0.001,0.020868,0.11273,112.73
DataValue,2.28,0.001,0.020863,0.11273,112.73
DataValue,2.3,0.001,0.020855,0.11272,112.72
DataValue,2.32,0.001,0.020851,0.112735,112.735
DataValue,2.34,0.001,0.020848,0.112725,112.725
DataValue,2.36,0.001,0.020841,0.112735,112.735
DataValue,2.38,0.001,0.0208369999999999,0.11273,112.73
DataValue,2.4,0.001,0.020834,0.112725,112.725
DataValue,2.42,0.001,0.020827,0.11273,112.73
DataValue,2.44,0.001,0.020824,0.11273,112.73
DataValue,2.46,0.001,0.0208159999999999,0.11273,112.73
DataValue,2.48,0.001,0.020813,0.11273,112.73
DataValue,2.5,0.001,0.02081,0.112735,112.735
DataValue,2.52,0.001,0.020808,0.112735,112.735
DataValue,2.54,0.001,0.020806,0.112725,112.725
DataValue,2.56,0.001,0.020804,0.112735,112.735
DataValue,2.58,0.001,0.020801,0.112725,112.725
DataValue,2.6,0.001,0.020797,0.112725,112.725
DataValue,2.62,0.001,0.020798,0.11273,112.73
DataValue,2.64,0.001,0.020795,0.112725,112.725
DataValue,2.66,0.001,0.020794,0.11273,112.73
DataValue,2.68,0.001,0.020794,0.11273,112.73
DataValue,2.7,0.001,0.020795,0.11273,112.73
DataValue,2.72,0.001,0.020795,0.11273,112.73
DataValue,2.74,0.001,0.020797,0.11273,112.73
DataValue,2.76,0.001,0.0208,0.112735,112.735
DataValue,2.78,0.001,0.0208,0.11272,112.72
DataValue,2.8,0.001,0.020804,0.112725,112.725
DataValue,2.82,0.001,0.020807,0.11273,112.73
DataValue,2.84,0.001,0.020808,0.112735,112.735
DataValue,2.86,0.001,0.020818,0.11273,112.73
DataValue,2.88,0.001,0.020821,0.112735,112.735
DataValue,2.9,0.001,0.020829,0.112725,112.725
DataValue,2.92,0.001,0.020833,0.112735,112.735
DataValue,2.94,0.001,0.020844,0.11273,112.73
DataValue,2.96,0.001,0.020849,0.11273,112.73
DataValue,2.98,0.001,0.0208579999999999,0.11273,112.73
DataValue,3.0,0.001,0.020866,0.112725,112.725
DataValue,3.0,0.001,0.020865,0.112725,112.725
DataValue,2.98,0.001,0.020847,0.11273,112.73
DataValue,2.96,0.001,0.020833,0.112735,112.735
DataValue,2.94,0.001,0.020819,0.11273,112.73
DataValue,2.92,0.001,0.020801,0.112735,112.735
DataValue,2.9,0.001,0.02079,0.11273,112.73
DataValue,2.88,0.001,0.020779,0.11273,112.73
DataValue,2.86,0.001,0.02077,0.11273,112.73
DataValue,2.84,0.001,0.0207609999999999,0.112725,112.725
DataValue,2.82,0.001,0.02075,0.112735,112.735
DataValue,2.8,0.001,0.020743,0.112725,112.725
DataValue,2.78,0.001,0.020737,0.112725,112.725
DataValue,2.76,0.001,0.0207249999999999,0.112735,112.735
DataValue,2.74,0.001,0.020722,0.112725,112.725
DataValue,2.72,0.001,0.020716,0.11273,112.73
DataValue,2.7,0.001,0.020711,0.11273,112.73
DataValue,2.68,0.001,0.020707,0.11273,112.73
DataValue,2.66,0.001,0.0207019999999999,0.11273,112.73
DataValue,2.64,0.001,0.020697,0.112735,112.735
DataValue,2.62,0.001,0.020697,0.11273,112.73
DataValue,2.6,0.001,0.020693,0.11273,112.73
DataValue,2.58,0.001,0.020693,0.11273,112.73
DataValue,2.56,0.001,0.020694,0.112725,112.725
DataValue,2.54,0.001,0.020691,0.11273,112.73
DataValue,2.52,0.001,0.020692,0.112725,112.725
DataValue,2.5,0.001,0.02069,0.11272,112.72
DataValue,2.48,0.001,0.02069,0.11273,112.73
DataValue,2.46,0.001,0.020692,0.112725,112.725
DataValue,2.44,0.001,0.020693,0.112725,112.725
DataValue,2.42,0.001,0.020694,0.11273,112.73
DataValue,2.4,0.001,0.020695,0.112735,112.735
DataValue,2.38,0.001,0.0206979999999999,0.112725,112.725
DataValue,2.36,0.001,0.0206979999999999,0.112725,112.725
DataValue,2.34,0.001,0.0207039999999999,0.11273,112.73
DataValue,2.32,0.001,0.020708,0.11273,112.73
DataValue,2.3,0.001,0.020709,0.112735,112.735
DataValue,2.28,0.001,0.020713,0.11273,112.73
DataValue,2.26,0.001,0.020717,0.112725,112.725
DataValue,2.24,0.001,0.020717,0.112735,112.735
DataValue,2.22,0.001,0.020722,0.112725,112.725
DataValue,2.2,0.001,0.020726,0.112725,112.725
DataValue,2.18,0.001,0.020728,0.112715,112.715
DataValue,2.16,0.001,0.020735,0.112725,112.725
DataValue,2.14,0.001,0.0207399999999999,0.112725,112.725
DataValue,2.12,0.001,0.020744,0.11273,112.73
DataValue,2.1,0.001,0.020747,0.112725,112.725
DataValue,2.08,0.001,0.020753,0.11273,112.73
DataValue,2.06,0.001,0.020758,0.11273,112.73
DataValue,2.04,0.001,0.020763,0.112725,112.725
DataValue,2.02,0.001,0.020766,0.112735,112.735
DataValue,2.0,0.001,0.020771,0.11273,112.73
DataValue,1.98,0.001,0.020776,0.112725,112.725
DataValue,1.96,0.001,0.020785,0.11273,112.73
DataValue,1.94,0.001,0.02079,0.112725,112.725
DataValue,1.92,0.001,0.020795,0.112735,112.735
DataValue,1.9,0.001,0.020798,0.112725,112.725
DataValue,1.88,0.001,0.0208049999999999,0.11273,112.73
DataValue,1.86,0.001,0.020812,0.11272,112.72
DataValue,1.84,0.001,0.0208159999999999,0.11273,112.73
DataValue,1.82,0.001,0.020823,0.112725,112.725
DataValue,1.8,0.001,0.020829,0.11273,112.73
DataValue,1.78,0.001,0.020835,0.11273,112.73
DataValue,1.76,0.001,0.0208369999999999,0.112725,112.725
DataValue,1.74,0.001,0.020845,0.112735,112.735
DataValue,1.72,0.001,0.020848,0.112725,112.725
DataValue,1.7,0.001,0.020856,0.112725,112.725
DataValue,1.68,0.001,0.02086,0.112735,112.735
DataValue,1.66,0.001,0.020862,0.11273,112.73
DataValue,1.64,0.001,0.02087,0.112725,112.725
DataValue,1.62,0.001,0.020877,0.112735,112.735
DataValue,1.6,0.001,0.0208849999999999,0.112725,112.725
DataValue,1.58,0.001,0.02089,0.11273,112.73
DataValue,1.56,0.001,0.0208959999999999,0.11273,112.73
DataValue,1.54,0.001,0.020902,0.112735,112.735
DataValue,1.52,0.001,0.020908,0.112735,112.735
DataValue,1.5,0.001,0.020912,0.11273,112.73
DataValue,1.48,0.001,0.02092,0.11273,112.73
DataValue,1.46,0.001,0.020924,0.11273,112.73
DataValue,1.44,0.001,0.020929,0.11273,112.73
DataValue,1.42,0.001,0.020935,0.112725,112.725
DataValue,1.4,0.001,0.020938,0.112735,112.735
DataValue,1.38,0.001,0.020943,0.112735,112.735
DataValue,1.36,0.001,0.02095,0.11273,112.73
DataValue,1.34,0.001,0.0209549999999999,0.11273,112.73
DataValue,1.32,0.001,0.020958,0.11273,112.73
DataValue,1.3,0.001,0.0209649999999999,0.112735,112.735
DataValue,1.28,0.001,0.020968,0.11273,112.73
DataValue,1.26,0.001,0.020975,0.112735,112.735
DataValue,1.24,0.001,0.0209759999999999,0.112735,112.735
DataValue,1.22,0.001,0.020981,0.112735,112.735
DataValue,1.2,0.001,0.020987,0.112735,112.735
DataValue,1.18,0.001,0.020989,0.11273,112.73
DataValue,1.16,0.001,0.020992,0.112735,112.735
DataValue,1.14,0.001,0.020993,0.11273,112.73
DataValue,1.12,0.001,0.020999,0.11273,112.73
DataValue,1.1,0.001,0.0210029999999999,0.112735,112.735
DataValue,1.08,0.001,0.021006,0.112725,112.725
DataValue,1.06,0.001,0.021009,0.11273,112.73
DataValue,1.04,0.001,0.021008,0.11273,112.73
DataValue,1.02,0.001,0.021012,0.112735,112.735
DataValue,1.0,0.001,0.021014,0.112735,112.735
DataValue,0.98,0.001,0.021016,0.112725,112.725
DataValue,0.96,0.001,0.021018,0.11273,112.73
DataValue,0.94,0.001,0.021019,0.112735,112.735
DataValue,0.92,0.001,0.021019,0.11273,112.73
DataValue,0.9,0.001,0.021016,0.11273,112.73
DataValue,0.8800000000000001,0.001,0.021018,0.112735,112.735
DataValue,0.86,0.001,0.021015,0.112735,112.735
DataValue,0.84,0.001,0.021014,0.112735,112.735
DataValue,0.82,0.001,0.02101,0.11273,112.73
DataValue,0.8,0.001,0.021005,0.112735,112.735
DataValue,0.78,0.001,0.021002,0.112735,112.735
DataValue,0.76,0.001,0.020995,0.112725,112.725
DataValue,0.7400000000000001,0.001,0.020989,0.112735,112.735
DataValue,0.72,0.001,0.02098,0.11273,112.73
DataValue,0.7,0.001,0.020968,0.11273,112.73
DataValue,0.68,0.001,0.020954,0.11273,112.73
DataValue,0.66,0.001,0.020939,0.112725,112.725
DataValue,0.6400000000000001,0.001,0.020922,0.11273,112.73
DataValue,0.6200000000000001,0.001,0.020899,0.112725,112.725
DataValue,0.6,0.001,0.020871,0.112735,112.735
DataValue,0.58,0.001,0.020841,0.11273,112.73
DataValue,0.5599999999999999,0.001,0.020801,0.11273,112.73
DataValue,0.54,0.001,0.020755,0.11272,112.72
DataValue,0.52,0.001,0.020694,0.11272,112.72
DataValue,0.5,0.001,0.0206179999999999,0.112725,112.725
DataValue,0.48,0.001,0.020515,0.112715,112.715
DataValue,0.4599999999999999,0.001,0.020388,0.11273,112.73
DataValue,0.44,0.001,0.020219,0.112715,112.715
DataValue,0.42,0.001,0.020001,0.112715,112.715
DataValue,0.4,0.001,0.019712,0.11271,112.71
DataValue,0.38,0.001,0.019338,0.1127,112.7
DataValue,0.36,0.001,0.018875,0.1127,112.7
DataValue,0.34,0.001,0.018303,0.11269,112.69
DataValue,0.32,0.001,0.017633,0.112685,112.685
DataValue,0.3,0.001,0.01686,0.11267,112.67
DataValue,0.2799999999999999,0.001,0.015976,0.112655,112.655
DataValue,0.26,0.001,0.015004,0.112645,112.645
DataValue,0.24,0.001,0.013929,0.112625,112.625
DataValue,0.22,0.001,0.012777,0.112605,112.605
DataValue,0.2,0.001,0.011543,0.11259,112.59
DataValue,0.18,0.001,0.010223,0.112565,112.565
DataValue,0.16,0.001,0.0088519,0.112545,112.545
DataValue,0.1399999999999999,0.001,0.0074324,0.11252,112.52
DataValue,0.12,0.001,0.0060148,0.112505,112.505
DataValue,0.1,0.001,0.0046275,0.11248,112.48
DataValue,0.08,0.001,0.0033094,0.11246,112.46
DataValue,0.06,0.001,0.0021466,0.112445,112.445
DataValue,0.04,0.001,0.0011886,0.112425,112.425
DataValue,0.02,0.001,0.00046784,0.11241,112.41
DataValue,0.0,0.001,-4.8625e-06,0.1124,112.4
