DataName, VB, IT, IB, IC, VT, beta, Rpt100
DataValue, 0.35000000000000003, 0.001, 1.1223E-11, 5.40988E-10, 0.10994500000000002, 48.2035106477769, 109.94500000000001
DataValue, 0.35050000000000003, 0.001, 5.668E-12, 5.5505100000000007E-10, 0.10994500000000002, 97.9271347918137, 109.94500000000001
DataValue, 0.351, 0.001, 7.8399999999999989E-12, 5.63233E-10, 0.10994500000000002, 71.840943877551, 109.94500000000001
DataValue, 0.35150000000000003, 0.001, 1.0368E-11, 5.7118800000000005E-10, 0.10994999999999999, 55.0914351851852, 109.94999999999999
DataValue, 0.35200000000000004, 0.001, 5.562E-12, 5.86564E-10, 0.10994500000000002, 105.459187342682, 109.94500000000001
DataValue, 0.35250000000000004, 0.001, 7.32E-12, 5.97245E-10, 0.10994500000000002, 81.5908469945355, 109.94500000000001
DataValue, 0.353, 0.001, 1.0401E-11, 6.06789E-10, 0.10994500000000002, 58.3394865878281, 109.94500000000001
DataValue, 0.35350000000000004, 0.001, 5.268E-12, 6.2228500000000009E-10, 0.10994, 118.12547456340201, 109.94
DataValue, 0.35400000000000004, 0.001, 8.037E-12, 6.3248100000000008E-10, 0.10994999999999999, 78.6961552818216, 109.94999999999999
DataValue, 0.35450000000000004, 0.001, 1.0155E-11, 6.42776E-10, 0.10994999999999999, 63.2965041851305, 109.94999999999999
DataValue, 0.355, 0.001, 5.6719999999999993E-12, 6.5916600000000008E-10, 0.10994, 116.214033850494, 109.94
DataValue, 0.35550000000000004, 0.001, 8.897E-12, 6.69873E-10, 0.10994500000000002, 75.29200854220521, 109.94500000000001
DataValue, 0.35600000000000004, 0.001, 1.0263999999999999E-11, 6.80969E-10, 0.10994500000000002, 66.3453819173811, 109.94500000000001
DataValue, 0.35650000000000004, 0.001, 5.794E-12, 6.98548E-10, 0.10994500000000002, 120.56403175699, 109.94500000000001
DataValue, 0.357, 0.001, 9.237E-12, 7.09953E-10, 0.10994, 76.8596947060734, 109.94
DataValue, 0.35750000000000004, 0.001, 1.1164E-11, 7.22481E-10, 0.10994500000000002, 64.7152454317449, 109.94500000000001
DataValue, 0.35800000000000004, 0.001, 5.867E-12, 7.40303E-10, 0.10994, 126.180841997614, 109.94
DataValue, 0.35850000000000004, 0.001, 8.942E-12, 7.52502E-10, 0.10994500000000002, 84.1536569000224, 109.94500000000001
DataValue, 0.359, 0.001, 1.0908999999999999E-11, 7.65326E-10, 0.10994, 70.155467962233, 109.94
DataValue, 0.35950000000000004, 0.001, 6.113E-12, 7.84632E-10, 0.10994, 128.354654016031, 109.94
DataValue, 0.36000000000000004, 0.001, 8.994E-12, 7.97591E-10, 0.10994, 88.680342450522588, 109.94
DataValue, 0.36050000000000004, 0.001, 1.1111E-11, 8.1123E-10, 0.10994500000000002, 73.011430114301191, 109.94500000000001
DataValue, 0.361, 0.001, 6.475E-12, 8.30875E-10, 0.10994500000000002, 128.320463320463, 109.94500000000001
DataValue, 0.36150000000000004, 0.001, 9.674E-12, 8.4555200000000006E-10, 0.10994, 87.40458962166629, 109.94
DataValue, 0.36200000000000004, 0.001, 1.1567E-11, 8.6009899999999995E-10, 0.10994, 74.3580012103398, 109.94
DataValue, 0.36250000000000004, 0.001, 6.479E-12, 8.8087E-10, 0.10994500000000002, 135.957709523075, 109.94500000000001
DataValue, 0.363, 0.001, 1.0460999999999999E-11, 8.9552099999999993E-10, 0.10994500000000002, 85.60567823343851, 109.94500000000001
DataValue, 0.3635, 0.001, 1.0737E-11, 9.12575E-10, 0.109935, 84.993480488031992, 109.935
DataValue, 0.36400000000000005, 0.001, 6.609E-12, 9.34894E-10, 0.10994500000000002, 141.457709184445, 109.94500000000001
DataValue, 0.36450000000000005, 0.001, 1.1153999999999999E-11, 9.49002E-10, 0.10994500000000002, 85.0817643894567, 109.94500000000001
DataValue, 0.365, 0.001, 1.0921E-11, 9.67415E-10, 0.10995500000000001, 88.583005219302308, 109.955
DataValue, 0.3655, 0.001, 7.406E-12, 9.90227E-10, 0.10994, 133.70604914933799, 109.94
DataValue, 0.36600000000000005, 0.001, 1.1383E-11, 1.0051110000000002E-09, 0.10994, 88.2993059826056, 109.94
DataValue, 0.36650000000000005, 0.001, 1.1015999999999999E-11, 1.0251300000000002E-09, 0.10994500000000002, 93.0582788671024, 109.94500000000001
DataValue, 0.367, 0.001, 7.171E-12, 1.046633E-09, 0.10994500000000002, 145.95356296193, 109.94500000000001
DataValue, 0.3675, 0.001, 1.1753999999999999E-11, 1.065338E-09, 0.10994, 90.636208950144592, 109.94
DataValue, 0.36800000000000005, 0.001, 1.0826E-11, 1.087448E-09, 0.10994, 100.44781082579, 109.94
DataValue, 0.36850000000000005, 0.001, 7.907E-12, 1.1098730000000001E-09, 0.10994, 140.36587833565199, 109.94
DataValue, 0.369, 0.001, 1.2997E-11, 1.13155E-09, 0.10994500000000002, 87.062399015157411, 109.94500000000001
DataValue, 0.3695, 0.001, 1.0437E-11, 1.15478E-09, 0.10994500000000002, 110.642905049344, 109.94500000000001
DataValue, 0.37000000000000005, 0.001, 1.3329999999999999E-11, 1.17183E-09, 0.10994500000000002, 87.9092273068267, 109.94500000000001
DataValue, 0.37050000000000005, 0.001, 8.5109999999999988E-12, 1.19884E-09, 0.10994, 140.857713547174, 109.94
DataValue, 0.371, 0.001, 9.096E-12, 1.22455E-09, 0.10994, 134.625109938434, 109.94
DataValue, 0.3715, 0.001, 1.3684E-11, 1.24234E-09, 0.10994500000000002, 90.7877813504823, 109.94500000000001
DataValue, 0.37200000000000005, 0.001, 9.925E-12, 1.26986E-09, 0.109935, 127.945591939547, 109.935
DataValue, 0.37250000000000005, 0.001, 9.5079999999999987E-12, 1.29852E-09, 0.10994, 136.571308371897, 109.94
DataValue, 0.373, 0.001, 1.4448E-11, 1.31755E-09, 0.10994, 91.192552602436308, 109.94
DataValue, 0.3735, 0.001, 1.0962E-11, 1.3459E-09, 0.10994, 122.778690020069, 109.94
DataValue, 0.37400000000000005, 0.001, 9.501E-12, 1.3762600000000002E-09, 0.10994, 144.854225870961, 109.94
DataValue, 0.37450000000000006, 0.001, 1.4668000000000002E-11, 1.3970400000000002E-09, 0.10994500000000002, 95.2440687210254, 109.94500000000001
DataValue, 0.375, 0.001, 1.1495999999999999E-11, 1.42647E-09, 0.10994500000000002, 124.084029227557, 109.94500000000001
DataValue, 0.3755, 0.001, 9.682999999999999E-12, 1.45877E-09, 0.10994, 150.652690281937, 109.94
DataValue, 0.376, 0.001, 1.4823E-11, 1.4814E-09, 0.10994500000000002, 99.939283545840908, 109.94500000000001
DataValue, 0.37650000000000006, 0.001, 1.2656E-11, 1.51205E-09, 0.109935, 119.47297724399499, 109.935
DataValue, 0.377, 0.001, 1.0155E-11, 1.54642E-09, 0.10994, 152.28163466272798, 109.94
DataValue, 0.3775, 0.001, 1.5557E-11, 1.5702700000000002E-09, 0.109935, 100.936555891239, 109.935
DataValue, 0.378, 0.001, 1.3130999999999998E-11, 1.60275E-09, 0.10994500000000002, 122.058487548549, 109.94500000000001
DataValue, 0.37850000000000006, 0.001, 1.0458E-11, 1.63902E-09, 0.109935, 156.724039013196, 109.935
DataValue, 0.379, 0.001, 1.5346999999999998E-11, 1.6651000000000002E-09, 0.10994500000000002, 108.496774613931, 109.94500000000001
DataValue, 0.3795, 0.001, 1.3706999999999999E-11, 1.69905E-09, 0.109935, 123.954913547822, 109.935
DataValue, 0.38, 0.001, 1.0847999999999999E-11, 1.73731E-09, 0.10994500000000002, 160.150258112094, 109.94500000000001
DataValue, 0.38050000000000006, 0.001, 1.5237E-11, 1.76597E-09, 0.10994, 115.900111570519, 109.94
DataValue, 0.381, 0.001, 1.4849E-11, 1.8002E-09, 0.10994500000000002, 121.233753114688, 109.94500000000001
DataValue, 0.3815, 0.001, 1.1206E-11, 1.84169E-09, 0.10994, 164.348563269677, 109.94
DataValue, 0.382, 0.001, 1.5891E-11, 1.87137E-09, 0.10994, 117.76288465169, 109.94
DataValue, 0.38250000000000006, 0.001, 1.5447999999999998E-11, 1.90906E-09, 0.10994, 123.579751424133, 109.94
DataValue, 0.383, 0.001, 1.1454999999999999E-11, 1.95209E-09, 0.10994, 170.413793103448, 109.94
DataValue, 0.3835, 0.001, 1.6135999999999997E-11, 1.98364E-09, 0.109935, 122.93257312840899, 109.935
DataValue, 0.384, 0.001, 1.6161E-11, 2.02417E-09, 0.10994, 125.25029391745599, 109.94
DataValue, 0.38450000000000006, 0.001, 1.2306999999999998E-11, 2.06942E-09, 0.10994, 168.14983342813, 109.94
DataValue, 0.385, 0.001, 1.5068999999999997E-11, 2.1048E-09, 0.10994, 139.677483575552, 109.94
DataValue, 0.3855, 0.001, 1.7418999999999998E-11, 2.14436E-09, 0.10994, 123.10465583558201, 109.94
DataValue, 0.386, 0.001, 1.2591E-11, 2.1934700000000003E-09, 0.10994, 174.209355889127, 109.94
DataValue, 0.38650000000000007, 0.001, 1.5145E-11, 2.2304E-09, 0.10994, 147.26972598217202, 109.94
DataValue, 0.387, 0.001, 1.8765999999999998E-11, 2.2742900000000004E-09, 0.10994, 121.19204945113499, 109.94
DataValue, 0.3875, 0.001, 1.3069E-11, 2.32415E-09, 0.10994, 177.836865865789, 109.94
DataValue, 0.388, 0.001, 1.5105999999999998E-11, 2.3653800000000004E-09, 0.10993, 156.585462730041, 109.92999999999999
DataValue, 0.3885, 0.001, 1.8861E-11, 2.41065E-09, 0.10994500000000002, 127.811356767934, 109.94500000000001
DataValue, 0.389, 0.001, 1.4742E-11, 2.46319E-09, 0.109935, 167.08655541988898, 109.935
DataValue, 0.3895, 0.001, 1.5349E-11, 2.50833E-09, 0.10994500000000002, 163.41976676004998, 109.94500000000001
DataValue, 0.39, 0.001, 1.9881E-11, 2.55606E-09, 0.10994, 128.567979477893, 109.94
DataValue, 0.3905, 0.001, 1.5059999999999998E-11, 2.61053E-09, 0.10994, 173.341965471448, 109.94
DataValue, 0.391, 0.001, 1.5632E-11, 2.6577700000000004E-09, 0.10994500000000002, 170.021110542477, 109.94500000000001
DataValue, 0.3915, 0.001, 1.9945999999999998E-11, 2.7094600000000003E-09, 0.10994, 135.839767371904, 109.94
DataValue, 0.392, 0.001, 1.6354999999999998E-11, 2.7668800000000003E-09, 0.109935, 169.176398654846, 109.935
DataValue, 0.3925, 0.001, 1.6151999999999998E-11, 2.81844E-09, 0.10994, 174.494799405646, 109.94
DataValue, 0.393, 0.001, 2.0764E-11, 2.8734400000000004E-09, 0.10994, 138.385667501445, 109.94
DataValue, 0.3935, 0.001, 1.7894E-11, 2.9327700000000004E-09, 0.109935, 163.896836928579, 109.935
DataValue, 0.394, 0.001, 1.6311999999999998E-11, 2.98792E-09, 0.10994, 183.173124080432, 109.94
DataValue, 0.3945, 0.001, 2.1193E-11, 3.04555E-09, 0.10994, 143.705468786864, 109.94
DataValue, 0.395, 0.001, 1.8090999999999998E-11, 3.1100900000000004E-09, 0.109935, 171.913658725333, 109.935
DataValue, 0.3955, 0.001, 1.7089E-11, 3.16729E-09, 0.109935, 185.340862543156, 109.935
DataValue, 0.396, 0.001, 2.2034999999999998E-11, 3.2294700000000004E-09, 0.10994, 146.56092579986398, 109.94
DataValue, 0.3965, 0.001, 1.9211E-11, 3.29588E-09, 0.10994, 171.56212586539, 109.94
DataValue, 0.397, 0.001, 1.7339E-11, 3.3571200000000005E-09, 0.10993, 193.616702231963, 109.92999999999999
DataValue, 0.3975, 0.001, 2.2794E-11, 3.42426E-09, 0.10994, 150.226375361937, 109.94
DataValue, 0.398, 0.001, 2.0567E-11, 3.4948700000000004E-09, 0.109935, 169.92609520105, 109.935
DataValue, 0.3985, 0.001, 1.7873E-11, 3.55972E-09, 0.109935, 199.167459296145, 109.935
DataValue, 0.399, 0.001, 2.3631999999999998E-11, 3.6294300000000004E-09, 0.109935, 153.581161137441, 109.935
DataValue, 0.3995, 0.001, 2.1242999999999996E-11, 3.7043E-09, 0.10993, 174.377441980888, 109.92999999999999
DataValue, 0.4, 0.001, 1.8818999999999997E-11, 3.77309E-09, 0.10994, 200.49365003454, 109.94
DataValue, 0.4005, 0.001, 2.3791E-11, 3.84762E-09, 0.109935, 161.725862721197, 109.935
DataValue, 0.401, 0.001, 2.2658999999999997E-11, 3.91479E-09, 0.109935, 172.769760360122, 109.935
DataValue, 0.40149999999999997, 0.001, 1.9217E-11, 3.9992300000000005E-09, 0.10993, 208.10896601967, 109.92999999999999
DataValue, 0.40199999999999997, 0.001, 2.4225999999999998E-11, 4.0793400000000005E-09, 0.10993, 168.386857095682, 109.92999999999999
DataValue, 0.40250000000000008, 0.001, 2.3506E-11, 4.15059E-09, 0.10994, 176.57576788905, 109.94
DataValue, 0.403, 0.001, 2.0459999999999996E-11, 4.2395E-09, 0.109935, 207.20918866080197, 109.935
DataValue, 0.4035, 0.001, 2.4782000000000002E-11, 4.3248800000000005E-09, 0.10994, 174.51698813655102, 109.94
DataValue, 0.404, 0.001, 2.5022999999999998E-11, 4.39922E-09, 0.10992500000000001, 175.807057507094, 109.92500000000001
DataValue, 0.4045, 0.001, 2.1156E-11, 4.49332E-09, 0.109935, 212.38986575912298, 109.935
DataValue, 0.405, 0.001, 2.5299999999999996E-11, 4.58446E-09, 0.10993, 181.20395256916999, 109.92999999999999
DataValue, 0.40549999999999997, 0.001, 2.6524999999999997E-11, 4.66304E-09, 0.109935, 175.79792648444902, 109.935
DataValue, 0.40599999999999997, 0.001, 2.2069999999999998E-11, 4.76296E-09, 0.10993, 215.81150883552297, 109.92999999999999
DataValue, 0.40650000000000008, 0.001, 2.5701999999999997E-11, 4.86015E-09, 0.109935, 189.096179285659, 109.935
DataValue, 0.40700000000000003, 0.001, 2.7564000000000002E-11, 4.9441900000000005E-09, 0.10993, 179.371281381512, 109.92999999999999
DataValue, 0.40750000000000003, 0.001, 2.3157999999999996E-11, 5.04962E-09, 0.109935, 218.05078158735597, 109.935
DataValue, 0.40800000000000003, 0.001, 2.6720999999999998E-11, 5.1525E-09, 0.109935, 192.825867295386, 109.935
DataValue, 0.40850000000000003, 0.001, 2.8814E-11, 5.24059E-09, 0.109935, 181.87651835913098, 109.935
DataValue, 0.40900000000000003, 0.001, 2.3696E-11, 5.3511100000000006E-09, 0.109935, 225.82334571235697, 109.935
DataValue, 0.4095, 0.001, 2.7001E-11, 5.4612400000000005E-09, 0.10993, 202.260657012703, 109.92999999999999
DataValue, 0.41, 0.001, 2.9874E-11, 5.55556E-09, 0.10992500000000001, 185.966392180491, 109.92500000000001
DataValue, 0.41050000000000009, 0.001, 2.5409E-11, 5.67134E-09, 0.10993, 223.20201503404303, 109.92999999999999
DataValue, 0.41100000000000003, 0.001, 2.7709999999999997E-11, 5.7915E-09, 0.10993, 209.003969686034, 109.92999999999999
DataValue, 0.41150000000000003, 0.001, 3.1371E-11, 5.88966E-09, 0.10992500000000001, 187.74218227025, 109.92500000000001
DataValue, 0.41200000000000003, 0.001, 2.6878E-11, 6.01304E-09, 0.10993, 223.716050301362, 109.92999999999999
DataValue, 0.41250000000000003, 0.001, 2.8503999999999997E-11, 6.1377400000000008E-09, 0.10993, 215.329076620825, 109.92999999999999
DataValue, 0.41300000000000003, 0.001, 3.2531E-11, 6.2441000000000008E-09, 0.10992, 191.943069687375, 109.92
DataValue, 0.4135, 0.001, 2.7902E-11, 6.3768000000000006E-09, 0.109935, 228.54275679162802, 109.935
DataValue, 0.414, 0.001, 2.9607E-11, 6.5085600000000009E-09, 0.10992500000000001, 219.831796534603, 109.92500000000001
DataValue, 0.4145, 0.001, 3.3875E-11, 6.61933E-09, 0.10993, 195.40457564575598, 109.92999999999999
DataValue, 0.41500000000000004, 0.001, 2.9791E-11, 6.7593100000000007E-09, 0.10993, 226.891007351214, 109.92999999999999
DataValue, 0.41550000000000004, 0.001, 3.0243E-11, 6.8992600000000004E-09, 0.109935, 228.12750057864602, 109.935
DataValue, 0.41600000000000004, 0.001, 3.4611999999999995E-11, 7.0180600000000005E-09, 0.10992500000000001, 202.76378134751002, 109.92500000000001
DataValue, 0.41650000000000004, 0.001, 3.1261999999999995E-11, 7.1674100000000006E-09, 0.10992500000000001, 229.269080673022, 109.92500000000001
DataValue, 0.41700000000000004, 0.001, 3.1666E-11, 7.31543E-09, 0.10993, 231.01844249352598, 109.92999999999999
DataValue, 0.4175, 0.001, 3.6409E-11, 7.44086E-09, 0.10993, 204.368700046692, 109.92999999999999
DataValue, 0.418, 0.001, 3.2962999999999995E-11, 7.59486E-09, 0.10993, 230.405606285836, 109.92999999999999
DataValue, 0.4185, 0.001, 3.2348E-11, 7.7539800000000014E-09, 0.109935, 239.70508223074097, 109.935
DataValue, 0.41900000000000004, 0.001, 3.7335999999999995E-11, 7.88706E-09, 0.10992500000000001, 211.245446753803, 109.92500000000001
DataValue, 0.41950000000000004, 0.001, 3.4742E-11, 8.05085E-09, 0.10993, 231.73248517644402, 109.92999999999999
DataValue, 0.42000000000000004, 0.001, 3.3554E-11, 8.21946E-09, 0.10992500000000001, 244.962150563271, 109.92500000000001
DataValue, 0.42050000000000004, 0.001, 3.8712E-11, 8.3625000000000013E-09, 0.109935, 216.018288902666, 109.935
DataValue, 0.42100000000000004, 0.001, 3.6300999999999996E-11, 8.53473E-09, 0.10992500000000001, 235.11005206468099, 109.92500000000001
DataValue, 0.4215, 0.001, 3.4968E-11, 8.71516E-09, 0.10992500000000001, 249.23244108899598, 109.92500000000001
DataValue, 0.422, 0.001, 3.9338999999999995E-11, 8.86793E-09, 0.109935, 225.423371209233, 109.935
DataValue, 0.4225, 0.001, 3.9647E-11, 9.0476500000000019E-09, 0.10992, 228.20516054178103, 109.92
DataValue, 0.42300000000000004, 0.001, 3.6017E-11, 9.2378800000000012E-09, 0.10993, 256.486659077658, 109.92999999999999
DataValue, 0.42350000000000004, 0.001, 4.0662E-11, 9.3987900000000012E-09, 0.10992500000000001, 231.14431164232002, 109.92500000000001
DataValue, 0.42400000000000004, 0.001, 4.1271E-11, 9.58962E-09, 0.10992500000000001, 232.357345351457, 109.92500000000001
DataValue, 0.42450000000000004, 0.001, 3.7515E-11, 9.79354E-09, 0.10992500000000001, 261.056644009063, 109.92500000000001
DataValue, 0.42500000000000004, 0.001, 4.1897E-11, 9.96191E-09, 0.10992500000000001, 237.77143948254002, 109.92500000000001
DataValue, 0.4255, 0.001, 4.3162E-11, 1.016638E-08, 0.10993, 235.54005838469, 109.92999999999999
DataValue, 0.426, 0.001, 3.9347E-11, 1.038126E-08, 0.10992, 263.838666226142, 109.92
DataValue, 0.4265, 0.001, 4.3338E-11, 1.0560529999999999E-08, 0.10992, 243.67829618348802, 109.92
DataValue, 0.427, 0.001, 4.5595E-11, 1.077497E-08, 0.10994, 236.319113937932, 109.94
DataValue, 0.42750000000000005, 0.001, 4.1006999999999996E-11, 1.1003719999999999E-08, 0.10992500000000001, 268.33760089740804, 109.92500000000001
DataValue, 0.42800000000000005, 0.001, 4.4583E-11, 1.119419E-08, 0.10992500000000001, 251.086512796357, 109.92500000000001
DataValue, 0.42850000000000005, 0.001, 4.7363999999999994E-11, 1.14215E-08, 0.109935, 241.14306224136502, 109.935
DataValue, 0.42900000000000005, 0.001, 4.3836E-11, 1.16564E-08, 0.10992500000000001, 265.90929829364, 109.92500000000001
DataValue, 0.4295, 0.001, 4.8808999999999995E-11, 1.1862500000000001E-08, 0.10993, 243.039193591346, 109.92999999999999
DataValue, 0.43, 0.001, 4.5174E-11, 1.2103900000000002E-08, 0.10992500000000001, 267.939522734316, 109.92500000000001
DataValue, 0.4305, 0.001, 4.5464E-11, 1.23569E-08, 0.10992500000000001, 271.79526658455, 109.92500000000001
DataValue, 0.431, 0.001, 5.0572E-11, 1.2577E-08, 0.109935, 248.694930000791, 109.935
DataValue, 0.43150000000000005, 0.001, 4.7664999999999991E-11, 1.2836300000000001E-08, 0.10993, 269.30242316164896, 109.92999999999999
DataValue, 0.43200000000000005, 0.001, 4.7205E-11, 1.31022E-08, 0.10992, 277.559580552908, 109.92
DataValue, 0.43250000000000005, 0.001, 5.2377E-11, 1.33327E-08, 0.10992, 254.55257078488697, 109.92
DataValue, 0.43300000000000005, 0.001, 4.9903000000000003E-11, 1.36084E-08, 0.10992, 272.697032242551, 109.92
DataValue, 0.4335, 0.001, 4.8936E-11, 1.38479E-08, 0.10992500000000001, 282.979810364558, 109.92500000000001
DataValue, 0.434, 0.001, 5.4650999999999996E-11, 1.41328E-08, 0.10993, 258.60094051344, 109.92999999999999
DataValue, 0.4345, 0.001, 5.2834E-11, 1.44269E-08, 0.10992500000000001, 273.060907748798, 109.92500000000001
DataValue, 0.435, 0.001, 5.0796E-11, 1.4680899999999999E-08, 0.10992500000000001, 289.016851720608, 109.92500000000001
DataValue, 0.43550000000000005, 0.001, 5.6473999999999995E-11, 1.49836E-08, 0.10992, 265.318553670716, 109.92
DataValue, 0.43600000000000005, 0.001, 5.4612E-11, 1.52919E-08, 0.10992, 280.009887936717, 109.92
DataValue, 0.43650000000000005, 0.001, 5.2998999999999996E-11, 1.55609E-08, 0.10992, 293.607426555218, 109.92
DataValue, 0.43700000000000006, 0.001, 5.8514999999999991E-11, 1.58817E-08, 0.10991500000000001, 271.412458344014, 109.915
DataValue, 0.4375, 0.001, 5.8162E-11, 1.62089E-08, 0.10993, 278.685395963, 109.92999999999999
DataValue, 0.438, 0.001, 5.525E-11, 1.64985E-08, 0.10992500000000001, 298.615384615385, 109.92500000000001
DataValue, 0.4385, 0.001, 6.0235E-11, 1.6834499999999998E-08, 0.10992, 279.480368556487, 109.92
DataValue, 0.439, 0.001, 6.0868E-11, 1.71858E-08, 0.10993, 282.34540316750997, 109.92999999999999
DataValue, 0.4395, 0.001, 5.7662E-11, 1.74922E-08, 0.10992500000000001, 303.357497138497, 109.92500000000001
DataValue, 0.44000000000000006, 0.001, 6.2535E-11, 1.78516E-08, 0.10992500000000001, 285.465739186056, 109.92500000000001
DataValue, 0.44050000000000006, 0.001, 6.3723E-11, 1.8223700000000002E-08, 0.10992, 285.983083031245, 109.92
DataValue, 0.44100000000000006, 0.001, 6.0053E-11, 1.85458E-08, 0.10992500000000001, 308.823872246183, 109.92500000000001
DataValue, 0.4415, 0.001, 6.5395E-11, 1.89271E-08, 0.10992500000000001, 289.427326248184, 109.92500000000001
DataValue, 0.442, 0.001, 6.7034E-11, 1.93139E-08, 0.10992500000000001, 288.120953545962, 109.92500000000001
DataValue, 0.4425, 0.001, 6.3073E-11, 1.9656400000000003E-08, 0.10992500000000001, 311.645236472025, 109.92500000000001
DataValue, 0.443, 0.001, 6.7536E-11, 2.00626E-08, 0.10992, 297.06526889362704, 109.92
DataValue, 0.4435, 0.001, 6.9955999999999988E-11, 2.04738E-08, 0.10992, 292.666819143462, 109.92
DataValue, 0.44400000000000006, 0.001, 6.5879E-11, 2.08347E-08, 0.10992500000000001, 316.257077369116, 109.92500000000001
DataValue, 0.44450000000000006, 0.001, 6.995E-11, 2.12648E-08, 0.10991500000000001, 304, 109.915
DataValue, 0.44500000000000006, 0.001, 7.2743E-11, 2.17034E-08, 0.10992, 298.357230248959, 109.92
DataValue, 0.4455, 0.001, 6.9187999999999992E-11, 2.20854E-08, 0.10992500000000001, 319.208533271666, 109.92500000000001
DataValue, 0.446, 0.001, 7.2407E-11, 2.2546E-08, 0.10992500000000001, 311.37873410029397, 109.92500000000001
DataValue, 0.4465, 0.001, 7.6755999999999993E-11, 2.3005399999999998E-08, 0.10992500000000001, 299.721194434311, 109.92500000000001
DataValue, 0.447, 0.001, 7.2592E-11, 2.34116E-08, 0.10992, 322.509367423408, 109.92
DataValue, 0.4475, 0.001, 7.5191E-11, 2.3899400000000003E-08, 0.10992, 317.84921067681, 109.92
DataValue, 0.44800000000000006, 0.001, 7.971E-11, 2.4389200000000002E-08, 0.10992500000000001, 305.974156316648, 109.92500000000001
DataValue, 0.44850000000000007, 0.001, 7.5860999999999993E-11, 2.48219E-08, 0.10991500000000001, 327.20238330631, 109.915
DataValue, 0.44900000000000007, 0.001, 7.8158E-11, 2.53356E-08, 0.10992500000000001, 324.158755341744, 109.92500000000001
DataValue, 0.4495, 0.001, 8.3188999999999991E-11, 2.58556E-08, 0.10991500000000001, 310.805515152244, 109.915
DataValue, 0.45, 0.001, 7.9537E-11, 2.63153E-08, 0.10992500000000001, 330.856079560456, 109.92500000000001
DataValue, 0.4505, 0.001, 8.1296E-11, 2.68625E-08, 0.10992, 330.428311356032, 109.92
DataValue, 0.451, 0.001, 8.6913E-11, 2.7418300000000004E-08, 0.10991500000000001, 315.46834190512396, 109.915
DataValue, 0.4515, 0.001, 8.3690999999999993E-11, 2.7894899999999997E-08, 0.10992500000000001, 333.308241029501, 109.92500000000001
DataValue, 0.45199999999999996, 0.001, 8.477E-11, 2.84733E-08, 0.10992, 335.888875781526, 109.92
DataValue, 0.45250000000000007, 0.001, 9.0417E-11, 2.9056500000000003E-08, 0.10991500000000001, 321.36102724045304, 109.915
DataValue, 0.45300000000000007, 0.001, 8.7765E-11, 2.9567600000000002E-08, 0.10991000000000001, 336.89511764370803, 109.91
DataValue, 0.4535, 0.001, 8.7636E-11, 3.0179E-08, 0.10991500000000001, 344.367611483865, 109.915
DataValue, 0.454, 0.001, 9.435E-11, 3.08038E-08, 0.10992, 326.484366719661, 109.92
DataValue, 0.4545, 0.001, 9.2163999999999991E-11, 3.13481E-08, 0.10991500000000001, 340.13389175816997, 109.915
DataValue, 0.455, 0.001, 9.1667E-11, 3.19929E-08, 0.10991000000000001, 349.012185410235, 109.91
DataValue, 0.4555, 0.001, 9.832299999999999E-11, 3.26597E-08, 0.10991500000000001, 332.167448104716, 109.915
DataValue, 0.45599999999999996, 0.001, 9.5719999999999981E-11, 3.32326E-08, 0.10991500000000001, 347.18554116172197, 109.915
DataValue, 0.45650000000000007, 0.001, 9.5881E-11, 3.39245E-08, 0.10991500000000001, 353.81879621614297, 109.915
DataValue, 0.45700000000000007, 0.001, 1.02013E-10, 3.46199E-08, 0.10991500000000001, 339.367531589111, 109.915
DataValue, 0.4575, 0.001, 1.00434E-10, 3.5227400000000003E-08, 0.10991000000000001, 350.751737459426, 109.91
DataValue, 0.458, 0.001, 9.9705999999999989E-11, 3.5962800000000005E-08, 0.10991500000000001, 360.68842396646204, 109.915
DataValue, 0.4585, 0.001, 1.06917E-10, 3.6706E-08, 0.10991500000000001, 343.313037215784, 109.915
DataValue, 0.459, 0.001, 1.05405E-10, 3.73495E-08, 0.10992, 354.34277311323, 109.92
DataValue, 0.4595, 0.001, 1.0476900000000001E-10, 3.8125E-08, 0.10991000000000001, 363.895808874762, 109.91
DataValue, 0.45999999999999996, 0.001, 1.10857E-10, 3.89086E-08, 0.10991000000000001, 350.98009146919, 109.91
DataValue, 0.46050000000000008, 0.001, 1.10515E-10, 3.95722E-08, 0.10991500000000001, 358.07085011084496, 109.915
DataValue, 0.46100000000000008, 0.001, 1.0876600000000001E-10, 4.0388400000000006E-08, 0.10991000000000001, 371.332953312616, 109.91
DataValue, 0.4615, 0.001, 1.15563E-10, 4.12153E-08, 0.10991000000000001, 356.647889030226, 109.91
DataValue, 0.462, 0.001, 1.15672E-10, 4.1940099999999996E-08, 0.10991000000000001, 362.577806210665, 109.91
DataValue, 0.4625, 0.001, 1.1419600000000001E-10, 4.2813E-08, 0.10991000000000001, 374.908052821465, 109.91
DataValue, 0.463, 0.001, 1.20521E-10, 4.36897E-08, 0.10991000000000001, 362.50694899644003, 109.91
DataValue, 0.4635, 0.001, 1.21103E-10, 4.4460499999999996E-08, 0.10991000000000001, 367.129633452516, 109.91
DataValue, 0.46399999999999997, 0.001, 1.19401E-10, 4.5374800000000003E-08, 0.10991500000000001, 380.020267836953, 109.915
DataValue, 0.46449999999999997, 0.001, 1.25067E-10, 4.63132E-08, 0.10991000000000001, 370.30711538615304, 109.91
DataValue, 0.46500000000000008, 0.001, 1.26599E-10, 4.71305E-08, 0.10991500000000001, 372.281771577975, 109.915
DataValue, 0.4655, 0.001, 1.24856E-10, 4.81004E-08, 0.10991000000000001, 385.247004549241, 109.91
DataValue, 0.466, 0.001, 1.3139200000000002E-10, 4.89433E-08, 0.10991500000000001, 372.498325621042, 109.915
DataValue, 0.4665, 0.001, 1.32626E-10, 4.99588E-08, 0.10991000000000001, 376.689336932426, 109.91
DataValue, 0.467, 0.001, 1.31179E-10, 5.09851E-08, 0.10991000000000001, 388.668155726145, 109.91
DataValue, 0.4675, 0.001, 1.36999E-10, 5.1890099999999996E-08, 0.10990500000000002, 378.76261870524604, 109.905
DataValue, 0.46799999999999997, 0.001, 1.39218E-10, 5.29524E-08, 0.10991500000000001, 380.35598844976903, 109.915
DataValue, 0.46849999999999997, 0.001, 1.3687600000000001E-10, 5.40388E-08, 0.10991000000000001, 394.801133872994, 109.91
DataValue, 0.46900000000000008, 0.001, 1.4249400000000003E-10, 5.5000099999999995E-08, 0.10991000000000001, 385.981865903126, 109.91
DataValue, 0.46950000000000003, 0.001, 1.4596700000000001E-10, 5.61278E-08, 0.10991500000000001, 384.523899237499, 109.915
DataValue, 0.47000000000000003, 0.001, 1.43425E-10, 5.7303499999999994E-08, 0.10991000000000001, 399.53634303643, 109.91
DataValue, 0.47050000000000003, 0.001, 1.4853099999999999E-10, 5.8314E-08, 0.10991000000000001, 392.60491075937, 109.91
DataValue, 0.47100000000000003, 0.001, 1.51935E-10, 5.95077E-08, 0.10991000000000001, 391.665514858328, 109.91
DataValue, 0.47150000000000003, 0.001, 1.5022800000000002E-10, 6.0738200000000008E-08, 0.10990500000000002, 404.30678701706705, 109.905
DataValue, 0.472, 0.001, 1.55964E-10, 6.18048E-08, 0.10990500000000002, 396.276063707009, 109.905
DataValue, 0.4725, 0.001, 1.5962400000000002E-10, 6.30924E-08, 0.10991000000000001, 395.256352428206, 109.91
DataValue, 0.47300000000000009, 0.001, 1.57201E-10, 6.43814E-08, 0.10990500000000002, 409.548285316251, 109.905
DataValue, 0.47350000000000003, 0.001, 1.62123E-10, 6.55197E-08, 0.10991000000000001, 404.13574878333105, 109.91
DataValue, 0.47400000000000003, 0.001, 1.6755100000000001E-10, 6.68656E-08, 0.10991500000000001, 399.076102201718, 109.915
DataValue, 0.47450000000000003, 0.001, 1.6513E-10, 6.82588E-08, 0.10991000000000001, 413.364016229637, 109.91
DataValue, 0.47500000000000003, 0.001, 1.69447E-10, 6.94587E-08, 0.10991000000000001, 409.914014411586, 109.91
DataValue, 0.47550000000000003, 0.001, 1.74981E-10, 7.08871E-08, 0.10991000000000001, 405.113126568027, 109.91
DataValue, 0.476, 0.001, 1.73667E-10, 7.2355600000000008E-08, 0.10990500000000002, 416.63413313986, 109.905
DataValue, 0.4765, 0.001, 1.7681400000000002E-10, 7.3629800000000007E-08, 0.10990500000000002, 416.42516995260604, 109.905
DataValue, 0.477, 0.001, 1.8360000000000002E-10, 7.51406E-08, 0.1099, 409.26252723311603, 109.89999999999999
DataValue, 0.47750000000000004, 0.001, 1.81229E-10, 7.6698E-08, 0.10990500000000002, 423.21041334444305, 109.905
DataValue, 0.47800000000000004, 0.001, 1.85214E-10, 7.80505E-08, 0.10991000000000001, 421.40712905072, 109.91
DataValue, 0.47850000000000004, 0.001, 1.92396E-10, 7.96574E-08, 0.10990500000000002, 414.028358177925, 109.905
DataValue, 0.47900000000000004, 0.001, 1.91147E-10, 8.1314700000000007E-08, 0.10990500000000002, 425.4040084333, 109.905
DataValue, 0.47950000000000004, 0.001, 1.9362800000000002E-10, 8.27433E-08, 0.10990500000000002, 427.33127440246204, 109.905
DataValue, 0.48, 0.001, 2.00852E-10, 8.4421599999999991E-08, 0.10990500000000002, 420.317447672913, 109.905
DataValue, 0.4805, 0.001, 2.0044400000000004E-10, 8.61756E-08, 0.10991000000000001, 429.923569675321, 109.91
DataValue, 0.481, 0.001, 2.02244E-10, 8.76831E-08, 0.10990500000000002, 433.55105713890197, 109.905
DataValue, 0.48150000000000004, 0.001, 2.10524E-10, 8.948280000000001E-08, 0.10990500000000002, 425.047975527731, 109.905
DataValue, 0.48200000000000004, 0.001, 2.0991E-10, 9.134050000000001E-08, 0.10991000000000001, 435.14125101233896, 109.91
DataValue, 0.48250000000000004, 0.001, 2.12308E-10, 9.29526E-08, 0.10990500000000002, 437.81958287017, 109.905
DataValue, 0.48300000000000004, 0.001, 2.20081E-10, 9.4867000000000012E-08, 0.10990500000000002, 431.05492977585504, 109.905
DataValue, 0.48350000000000004, 0.001, 2.20898E-10, 9.68272E-08, 0.10990500000000002, 438.334434897554, 109.905
DataValue, 0.484, 0.001, 2.21892E-10, 9.8529300000000011E-08, 0.1099, 444.04169596019705, 109.89999999999999
DataValue, 0.4845, 0.001, 2.3046099999999998E-10, 1.005568E-07, 0.10990500000000002, 436.32892333193, 109.905
DataValue, 0.485, 0.001, 2.31623E-10, 1.026213E-07, 0.10990500000000002, 443.05315102558905, 109.905
DataValue, 0.48550000000000004, 0.001, 2.32362E-10, 1.044338E-07, 0.10990500000000002, 449.44440140814794, 109.905
DataValue, 0.48600000000000004, 0.001, 2.41346E-10, 1.065932E-07, 0.1099, 441.661349266199, 109.89999999999999
DataValue, 0.48650000000000004, 0.001, 2.42876E-10, 1.087768E-07, 0.1099, 447.869694823696, 109.89999999999999
DataValue, 0.48700000000000004, 0.001, 2.4354900000000004E-10, 1.1071249999999999E-07, 0.1099, 454.579981851701, 109.89999999999999
DataValue, 0.48750000000000004, 0.001, 2.52175E-10, 1.129888E-07, 0.10990500000000002, 448.057103202141, 109.905
DataValue, 0.488, 0.001, 2.5420699999999997E-10, 1.1534E-07, 0.1099, 453.72472040502396, 109.89999999999999
DataValue, 0.4885, 0.001, 2.5490200000000004E-10, 1.1739E-07, 0.1099, 460.529929149242, 109.89999999999999
DataValue, 0.489, 0.001, 2.6351E-10, 1.198E-07, 0.1099, 454.63170278167803, 109.89999999999999
DataValue, 0.4895, 0.001, 2.69664E-10, 1.2227E-07, 0.10990500000000002, 453.416103002255, 109.905
DataValue, 0.49000000000000005, 0.001, 2.69596E-10, 1.2442E-07, 0.10990500000000002, 461.505363581062, 109.905
DataValue, 0.49050000000000005, 0.001, 2.72343E-10, 1.2701999999999998E-07, 0.10990500000000002, 466.39715358940697, 109.905
DataValue, 0.49100000000000005, 0.001, 2.8047200000000003E-10, 1.2962E-07, 0.10989, 462.149519381614, 109.89
DataValue, 0.49150000000000005, 0.001, 2.86666E-10, 1.3187E-07, 0.10990500000000002, 460.012697703948, 109.905
DataValue, 0.492, 0.001, 2.86735E-10, 1.3461E-07, 0.10990500000000002, 469.45786178875994, 109.905
DataValue, 0.4925, 0.001, 2.9081E-10, 1.3739E-07, 0.1099, 472.439049551253, 109.89999999999999
DataValue, 0.493, 0.001, 2.99192E-10, 1.3985E-07, 0.10990500000000002, 467.425599614963, 109.905
DataValue, 0.4935, 0.001, 3.04983E-10, 1.4270999999999999E-07, 0.1099, 467.927720561474, 109.89999999999999
DataValue, 0.49400000000000005, 0.001, 3.0541200000000005E-10, 1.4568E-07, 0.1099, 476.995010019253, 109.89999999999999
DataValue, 0.49450000000000005, 0.001, 3.10223E-10, 1.4825E-07, 0.1099, 477.882039694026, 109.89999999999999
DataValue, 0.49500000000000005, 0.001, 3.1854E-10, 1.5132E-07, 0.1099, 475.042380862686, 109.89999999999999
DataValue, 0.49550000000000005, 0.001, 3.2534000000000004E-10, 1.5441E-07, 0.1099, 474.61117600049204, 109.89999999999999
DataValue, 0.496, 0.001, 3.2622E-10, 1.5714999999999998E-07, 0.10989500000000002, 481.730120777389, 109.89500000000001
DataValue, 0.4965, 0.001, 3.30754E-10, 1.6044E-07, 0.10990500000000002, 485.073498733197, 109.905
DataValue, 0.497, 0.001, 3.3955700000000004E-10, 1.6371E-07, 0.10989500000000002, 482.128184664136, 109.89500000000001
DataValue, 0.4975, 0.001, 3.4671E-10, 1.6660999999999998E-07, 0.1099, 480.545701018142, 109.89999999999999
DataValue, 0.49800000000000005, 0.001, 3.4816699999999997E-10, 1.7001E-07, 0.1099, 488.300154810766, 109.89999999999999
DataValue, 0.49850000000000005, 0.001, 3.5200100000000003E-10, 1.731E-07, 0.10989500000000002, 491.759966591004, 109.89500000000001
DataValue, 0.49900000000000005, 0.001, 3.62255E-10, 1.7666E-07, 0.1099, 487.667527018261, 109.89999999999999
DataValue, 0.49950000000000006, 0.001, 3.69157E-10, 1.8023E-07, 0.10990500000000002, 488.22045904588, 109.905
DataValue, 0.5, 0.001, 3.71217E-10, 1.8339E-07, 0.1099, 494.02371119857105, 109.89999999999999
DataValue, 0.50050000000000006, 0.001, 3.76086E-10, 1.8722E-07, 0.10989500000000002, 497.81167073488496, 109.89500000000001
DataValue, 0.501, 0.001, 3.8642500000000004E-10, 1.9104E-07, 0.1099, 494.377951737077, 109.89999999999999
DataValue, 0.5015, 0.001, 3.9337300000000003E-10, 1.9438999999999998E-07, 0.10989500000000002, 494.162029422456, 109.89500000000001
DataValue, 0.502, 0.001, 3.96047E-10, 1.9841E-07, 0.1099, 500.975894275174, 109.89999999999999
DataValue, 0.50250000000000006, 0.001, 4.0171900000000003E-10, 2.0257999999999998E-07, 0.1099, 504.28284447586503, 109.89999999999999
DataValue, 0.503, 0.001, 4.11436E-10, 2.0612E-07, 0.10988500000000001, 500.977065691869, 109.885
DataValue, 0.50350000000000006, 0.001, 4.1996599999999996E-10, 2.1038E-07, 0.10990500000000002, 500.945314620707, 109.905
DataValue, 0.504, 0.001, 4.23025E-10, 2.1465999999999997E-07, 0.10990500000000002, 507.440458601737, 109.905
DataValue, 0.50450000000000006, 0.001, 4.27863E-10, 2.1842E-07, 0.1099, 510.490507475524, 109.89999999999999
DataValue, 0.505, 0.001, 4.39054E-10, 2.2301E-07, 0.10989500000000002, 507.93296496558503, 109.89500000000001
DataValue, 0.5055, 0.001, 4.48599E-10, 2.2761999999999997E-07, 0.10989500000000002, 507.40193357542, 109.89500000000001
DataValue, 0.506, 0.001, 4.5155700000000007E-10, 2.3163999999999998E-07, 0.10989500000000002, 512.98064253239306, 109.89500000000001
DataValue, 0.50650000000000006, 0.001, 4.57409E-10, 2.3628999999999995E-07, 0.1099, 516.583626469964, 109.89999999999999
DataValue, 0.507, 0.001, 4.69132E-10, 2.4135E-07, 0.1099, 514.46074878712193, 109.89999999999999
DataValue, 0.50750000000000006, 0.001, 4.77747E-10, 2.4548E-07, 0.10989500000000002, 513.82844894892094, 109.89500000000001
DataValue, 0.508, 0.001, 4.8294800000000006E-10, 2.5067E-07, 0.1099, 519.04138747856894, 109.89999999999999
DataValue, 0.50850000000000006, 0.001, 4.88948E-10, 2.5586E-07, 0.1099, 523.286729877206, 109.89999999999999
DataValue, 0.509, 0.001, 4.99937E-10, 2.6029E-07, 0.1099, 520.64560134577, 109.89999999999999
DataValue, 0.5095, 0.001, 5.10315E-10, 2.6555E-07, 0.1099, 520.36487267668, 109.89999999999999
DataValue, 0.51, 0.001, 5.1626200000000005E-10, 2.7112999999999997E-07, 0.10989, 525.179075740612, 109.89
DataValue, 0.51050000000000006, 0.001, 5.2153200000000008E-10, 2.7583E-07, 0.10989, 528.88413366773307, 109.89
DataValue, 0.511, 0.001, 5.3406900000000009E-10, 2.8156E-07, 0.10989, 527.19779653939793, 109.89
DataValue, 0.51150000000000007, 0.001, 5.45861E-10, 2.8731E-07, 0.1099, 526.342786899962, 109.89999999999999
DataValue, 0.512, 0.001, 5.51099E-10, 2.9241E-07, 0.10989500000000002, 530.594321528437, 109.89500000000001
DataValue, 0.51250000000000007, 0.001, 5.58426E-10, 2.9851E-07, 0.10989500000000002, 534.556055771042, 109.89500000000001
DataValue, 0.513, 0.001, 5.7023700000000006E-10, 3.0471E-07, 0.10988500000000001, 534.356767449324, 109.885
DataValue, 0.5135, 0.001, 5.81976E-10, 3.1000999999999995E-07, 0.10989500000000002, 532.685196640411, 109.89500000000001
DataValue, 0.514, 0.001, 5.89223E-10, 3.1644E-07, 0.10989500000000002, 537.04624564893106, 109.89500000000001
DataValue, 0.5145, 0.001, 5.9632500000000011E-10, 3.2293E-07, 0.10989500000000002, 541.533559719951, 109.89500000000001
DataValue, 0.515, 0.001, 6.08592E-10, 3.2857E-07, 0.1099, 539.88550621763, 109.89999999999999
DataValue, 0.51550000000000007, 0.001, 6.22894E-10, 3.3538E-07, 0.10989500000000002, 538.422267673151, 109.89500000000001
DataValue, 0.516, 0.001, 6.30944E-10, 3.4229E-07, 0.1099, 542.504564588933, 109.89999999999999
DataValue, 0.51650000000000007, 0.001, 6.37502E-10, 3.4842E-07, 0.1099, 546.539461836982, 109.89999999999999
DataValue, 0.517, 0.001, 6.5101600000000006E-10, 3.5567E-07, 0.10989500000000002, 546.330658539882, 109.89500000000001
DataValue, 0.5175, 0.001, 6.6574E-10, 3.6299999999999996E-07, 0.10989500000000002, 545.25790849280509, 109.89500000000001
DataValue, 0.518, 0.001, 6.74539E-10, 3.6938E-07, 0.10989500000000002, 547.603622622265, 109.89500000000001
DataValue, 0.5185, 0.001, 6.8143700000000005E-10, 3.7694999999999994E-07, 0.10989500000000002, 553.169258493448, 109.89500000000001
DataValue, 0.519, 0.001, 6.9615600000000007E-10, 3.8462E-07, 0.10989500000000002, 552.491108314803, 109.89500000000001
DataValue, 0.51950000000000007, 0.001, 7.10436E-10, 3.9146999999999994E-07, 0.10989500000000002, 551.027819536172, 109.89500000000001
DataValue, 0.52, 0.001, 7.21094E-10, 3.9946E-07, 0.10989, 553.963838279059, 109.89
DataValue, 0.52050000000000007, 0.001, 7.29946E-10, 4.0770999999999994E-07, 0.10989, 558.548166576706, 109.89
DataValue, 0.521, 0.001, 7.4296300000000012E-10, 4.1494E-07, 0.10989500000000002, 558.49349160052407, 109.89500000000001
DataValue, 0.5215, 0.001, 7.60259E-10, 4.2355999999999996E-07, 0.10989500000000002, 557.125926822306, 109.89500000000001
DataValue, 0.522, 0.001, 7.72408E-10, 4.3236999999999995E-07, 0.10989500000000002, 559.768930409835, 109.89500000000001
DataValue, 0.5225, 0.001, 7.79726E-10, 4.3985E-07, 0.10989500000000002, 564.108417572327, 109.89500000000001
DataValue, 0.523, 0.001, 7.9530500000000008E-10, 4.4889E-07, 0.10989500000000002, 564.424969037036, 109.89500000000001
DataValue, 0.52350000000000008, 0.001, 8.13495E-10, 4.5820999999999992E-07, 0.10989, 563.26099115544594, 109.89
DataValue, 0.524, 0.001, 8.25409E-10, 4.6639E-07, 0.10989500000000002, 565.041088720864, 109.89500000000001
DataValue, 0.52450000000000008, 0.001, 8.3598300000000007E-10, 4.7592999999999995E-07, 0.10989500000000002, 569.305835166504, 109.89500000000001
DataValue, 0.525, 0.001, 8.5265100000000006E-10, 4.8598E-07, 0.10989500000000002, 569.96356070654906, 109.89500000000001
DataValue, 0.5255, 0.001, 8.6952200000000013E-10, 4.9435E-07, 0.10989, 568.530755978572, 109.89
DataValue, 0.526, 0.001, 8.8178500000000007E-10, 5.0445E-07, 0.10989500000000002, 572.078227685887, 109.89500000000001
DataValue, 0.5265, 0.001, 8.95323E-10, 5.1485E-07, 0.10989, 575.04386685028794, 109.89
DataValue, 0.527, 0.001, 9.12021E-10, 5.2393999999999991E-07, 0.1099, 574.482385822256, 109.89999999999999
DataValue, 0.52750000000000008, 0.001, 9.30799E-10, 5.3479E-07, 0.10988500000000001, 574.549392511165, 109.885
DataValue, 0.528, 0.001, 9.4501500000000017E-10, 5.4607999999999992E-07, 0.10988500000000001, 577.85326158844, 109.885
DataValue, 0.52850000000000008, 0.001, 9.56749E-10, 5.5551E-07, 0.10989, 580.62250391691009, 109.89
DataValue, 0.529, 0.001, 9.76773E-10, 5.6718E-07, 0.10989, 580.667156033183, 109.89
DataValue, 0.5295, 0.001, 9.98135E-10, 5.7877E-07, 0.10989, 579.851422903715, 109.89
DataValue, 0.53, 0.001, 1.009299E-09, 5.8890999999999994E-07, 0.10989500000000002, 583.484180604558, 109.89500000000001
DataValue, 0.5305, 0.001, 1.026171E-09, 6.0114E-07, 0.10989, 585.80879794887994, 109.89
DataValue, 0.531, 0.001, 1.048994E-09, 6.1356E-07, 0.10989, 584.903250161584, 109.89
DataValue, 0.53150000000000008, 0.001, 1.066224E-09, 6.2428E-07, 0.10989500000000002, 585.505484776182, 109.89500000000001
DataValue, 0.532, 0.001, 1.081227E-09, 6.3741E-07, 0.1099, 589.524678906465, 109.89999999999999
DataValue, 0.53250000000000008, 0.001, 1.097183E-09, 6.4861999999999994E-07, 0.10989500000000002, 591.168474174317, 109.89500000000001
DataValue, 0.533, 0.001, 1.120437E-09, 6.6182999999999994E-07, 0.10989, 590.68916860118, 109.89
DataValue, 0.5335, 0.001, 1.14024E-09, 6.7557999999999991E-07, 0.10988500000000001, 592.489300498141, 109.885
DataValue, 0.534, 0.001, 1.15833E-09, 6.8781999999999992E-07, 0.10988500000000001, 593.803147634957, 109.885
DataValue, 0.5345, 0.001, 1.1817200000000001E-09, 7.017E-07, 0.10989, 593.795484547947, 109.89
DataValue, 0.535, 0.001, 1.20023E-09, 7.1601E-07, 0.10989, 596.56065920698506, 109.89
DataValue, 0.53550000000000009, 0.001, 1.21676E-09, 7.2876999999999993E-07, 0.10988, 598.943094776291, 109.88
DataValue, 0.536, 0.001, 1.242E-09, 7.4403E-07, 0.10989500000000002, 599.057971014493, 109.89500000000001
DataValue, 0.53650000000000009, 0.001, 1.26754E-09, 7.5937E-07, 0.10988500000000001, 599.089575082443, 109.885
DataValue, 0.537, 0.001, 1.2824800000000001E-09, 7.7269E-07, 0.10989, 602.496725095128, 109.89
DataValue, 0.5375, 0.001, 1.30544E-09, 7.8875E-07, 0.10988500000000001, 604.202414511582, 109.885
DataValue, 0.538, 0.001, 1.33381E-09, 8.0517E-07, 0.10988500000000001, 603.661690945487, 109.885
DataValue, 0.5385, 0.001, 1.3542300000000002E-09, 8.1881E-07, 0.10989, 604.63141416155293, 109.89
DataValue, 0.539, 0.001, 1.3747100000000001E-09, 8.3596E-07, 0.10988, 608.09916273250394, 109.88
DataValue, 0.5395, 0.001, 1.4022300000000002E-09, 8.5317000000000006E-07, 0.10988, 608.437988061873, 109.88
DataValue, 0.54, 0.001, 1.4275100000000002E-09, 8.6819E-07, 0.10988, 608.184881366856, 109.88
DataValue, 0.54050000000000009, 0.001, 1.4520700000000001E-09, 8.8611E-07, 0.10989, 610.23917579731, 109.89
DataValue, 0.541, 0.001, 1.47505E-09, 9.0443999999999991E-07, 0.10988, 613.158875970306, 109.88
DataValue, 0.5415, 0.001, 1.50084E-09, 9.2059E-07, 0.10988500000000001, 613.38317209029606, 109.885
DataValue, 0.542, 0.001, 1.5317900000000002E-09, 9.3937000000000008E-07, 0.10988500000000001, 613.24985800925708, 109.885
DataValue, 0.5425, 0.001, 1.55728E-09, 9.5853999999999985E-07, 0.10989500000000002, 615.521935682729, 109.89500000000001
DataValue, 0.543, 0.001, 1.57899E-09, 9.7536E-07, 0.10988, 617.711321794312, 109.88
DataValue, 0.5435, 0.001, 1.6124200000000001E-09, 9.9548E-07, 0.10988500000000001, 617.382567817318, 109.885
DataValue, 0.544, 0.001, 1.6432100000000002E-09, 1.01635E-06, 0.10989, 618.514979826072, 109.89
DataValue, 0.5445000000000001, 0.001, 1.6662300000000002E-09, 1.03399E-06, 0.10988500000000001, 620.556585825486, 109.885
DataValue, 0.545, 0.001, 1.69502E-09, 1.05522E-06, 0.10989, 622.541326945995, 109.89
DataValue, 0.5455, 0.001, 1.7306500000000002E-09, 1.07702E-06, 0.10989, 622.32109323086706, 109.89
DataValue, 0.546, 0.001, 1.7581000000000002E-09, 1.0960499999999999E-06, 0.10988, 623.42870143905293, 109.88
DataValue, 0.5465, 0.001, 1.7871500000000002E-09, 1.11894E-06, 0.10988500000000001, 626.103013177405, 109.885
DataValue, 0.547, 0.001, 1.8207000000000001E-09, 1.14259E-06, 0.10988500000000001, 627.555335859834, 109.885
DataValue, 0.5475, 0.001, 1.85316E-09, 1.1617999999999998E-06, 0.10988500000000001, 626.92913725744108, 109.885
DataValue, 0.548, 0.001, 1.88643E-09, 1.1853199999999998E-06, 0.10988500000000001, 628.340304172431, 109.885
DataValue, 0.5485000000000001, 0.001, 1.9214100000000003E-09, 1.2101999999999999E-06, 0.10988500000000001, 629.849953940075, 109.885
DataValue, 0.549, 0.001, 1.94864E-09, 1.23096E-06, 0.10988500000000001, 631.702110189671, 109.885
DataValue, 0.5495, 0.001, 1.99133E-09, 1.2567600000000001E-06, 0.10988, 631.115887371757, 109.88
DataValue, 0.55, 0.001, 2.02355E-09, 1.28242E-06, 0.10988, 633.74762175384808, 109.88
DataValue, 0.5505, 0.001, 2.0575700000000004E-09, 1.30566E-06, 0.10988, 634.564073154255, 109.88
DataValue, 0.551, 0.001, 2.0973E-09, 1.3322799999999998E-06, 0.10988500000000001, 635.235779335336, 109.885
DataValue, 0.5515, 0.001, 2.13145E-09, 1.35976E-06, 0.10988500000000001, 637.950690844261, 109.885
DataValue, 0.55199999999999994, 0.001, 2.17116E-09, 1.3838799999999999E-06, 0.10988, 637.391993220214, 109.88
DataValue, 0.5525000000000001, 0.001, 2.20999E-09, 1.4124399999999999E-06, 0.10988, 639.116014099611, 109.88
DataValue, 0.553, 0.001, 2.2488100000000002E-09, 1.4412400000000001E-06, 0.10988, 640.890070748529, 109.88
DataValue, 0.5535, 0.001, 2.2903E-09, 1.46706E-06, 0.10988500000000001, 640.553639261232, 109.885
DataValue, 0.554, 0.001, 2.32786E-09, 1.49728E-06, 0.10988, 643.200192451436, 109.88
DataValue, 0.5545, 0.001, 2.3748100000000004E-09, 1.5281800000000001E-06, 0.10988, 643.49569018153, 109.88
DataValue, 0.555, 0.001, 2.41253E-09, 1.55482E-06, 0.10988, 644.476959872002, 109.88
DataValue, 0.5555, 0.001, 2.45485E-09, 1.58722E-06, 0.10988, 646.564963236043, 109.88
DataValue, 0.55599999999999994, 0.001, 2.5064000000000004E-09, 1.61942E-06, 0.10988, 646.113948292372, 109.88
DataValue, 0.55650000000000011, 0.001, 2.5424300000000003E-09, 1.64872E-06, 0.10988, 648.481964105206, 109.88
DataValue, 0.557, 0.001, 2.59234E-09, 1.68204E-06, 0.109875, 648.85007367860692, 109.87499999999999
DataValue, 0.5575, 0.001, 2.64187E-09, 1.7164799999999999E-06, 0.10988, 649.721598716061, 109.88
DataValue, 0.558, 0.001, 2.6807E-09, 1.7467799999999998E-06, 0.10988500000000001, 651.613384563733, 109.885
DataValue, 0.5585, 0.001, 2.7367900000000004E-09, 1.7825599999999998E-06, 0.10988500000000001, 651.332400366853, 109.885
DataValue, 0.559, 0.001, 2.78496E-09, 1.8197799999999998E-06, 0.10988, 653.431288061588, 109.88
DataValue, 0.5595, 0.001, 2.82921E-09, 1.8517399999999998E-06, 0.109875, 654.507795462338, 109.87499999999999
DataValue, 0.55999999999999994, 0.001, 2.8861900000000003E-09, 1.88986E-06, 0.10988, 654.79403642864793, 109.88
DataValue, 0.56050000000000011, 0.001, 2.9350000000000003E-09, 1.9287E-06, 0.109875, 657.137989778535, 109.87499999999999
DataValue, 0.561, 0.001, 2.98643E-09, 1.96266E-06, 0.10988, 657.19270165381408, 109.88
DataValue, 0.5615, 0.001, 3.04438E-09, 2.00336E-06, 0.10988, 658.051885769845, 109.88
DataValue, 0.562, 0.001, 3.09665E-09, 2.0448E-06, 0.10988, 660.32648184328207, 109.88
DataValue, 0.5625, 0.001, 3.1520100000000006E-09, 2.08068E-06, 0.109875, 660.11211893363293, 109.87499999999999
DataValue, 0.56300000000000006, 0.001, 3.20971E-09, 2.1234399999999997E-06, 0.10989, 661.56755594742208, 109.89
DataValue, 0.5635, 0.001, 3.26856E-09, 2.1678000000000002E-06, 0.10988, 663.227843453998, 109.88
DataValue, 0.564, 0.001, 3.32626E-09, 2.2060599999999997E-06, 0.109875, 663.225364222881, 109.87499999999999
DataValue, 0.5645, 0.001, 3.38477E-09, 2.25162E-06, 0.10988, 665.220975132727, 109.88
DataValue, 0.56500000000000006, 0.001, 3.44332E-09, 2.29142E-06, 0.10988, 665.468210912724, 109.88
DataValue, 0.5655, 0.001, 3.50744E-09, 2.33876E-06, 0.109875, 666.799717172639, 109.87499999999999
DataValue, 0.56600000000000006, 0.001, 3.5715700000000003E-09, 2.3867999999999997E-06, 0.10988, 668.27753620956594, 109.88
DataValue, 0.5665, 0.001, 3.63575E-09, 2.42884E-06, 0.109875, 668.04373237983907, 109.87499999999999
DataValue, 0.56700000000000006, 0.001, 3.6997700000000003E-09, 2.47868E-06, 0.109875, 669.95515937477194, 109.87499999999999
DataValue, 0.5675, 0.001, 3.77224E-09, 2.53058E-06, 0.10988, 670.842788369775, 109.88
DataValue, 0.568, 0.001, 3.8355200000000004E-09, 2.57404E-06, 0.10988500000000001, 671.105873519106, 109.885
DataValue, 0.5685, 0.001, 3.90423E-09, 2.62826E-06, 0.109875, 673.18267622552992, 109.87499999999999
DataValue, 0.56900000000000006, 0.001, 3.98428E-09, 2.68174E-06, 0.109875, 673.080205206461, 109.87499999999999
DataValue, 0.5695, 0.001, 4.0457700000000006E-09, 2.7284E-06, 0.109875, 674.383368308134, 109.87499999999999
DataValue, 0.57000000000000006, 0.001, 4.12406E-09, 2.78554E-06, 0.10988, 675.436341857296, 109.88
DataValue, 0.5705, 0.001, 4.20616E-09, 2.84282E-06, 0.10988, 675.87062784107093, 109.88
DataValue, 0.57100000000000006, 0.001, 4.27079E-09, 2.89312E-06, 0.10988500000000001, 677.420336752685, 109.885
DataValue, 0.5715, 0.001, 4.3566500000000007E-09, 2.95268E-06, 0.10988500000000001, 677.74092479313208, 109.885
DataValue, 0.572, 0.001, 4.4404500000000007E-09, 3.01396E-06, 0.10987000000000001, 678.751027485953, 109.87
DataValue, 0.5725, 0.001, 4.510290000000001E-09, 3.0664199999999997E-06, 0.109875, 679.872025967288, 109.87499999999999
DataValue, 0.57300000000000006, 0.001, 4.5998400000000009E-09, 3.13068E-06, 0.109875, 680.606281957633, 109.87499999999999
DataValue, 0.5735, 0.001, 4.6828500000000006E-09, 3.19456E-06, 0.109875, 682.182858729193, 109.87499999999999
DataValue, 0.57400000000000007, 0.001, 4.76338E-09, 3.25186E-06, 0.10988, 682.67910601295694, 109.88
DataValue, 0.5745, 0.001, 4.85576E-09, 3.3177199999999997E-06, 0.109875, 683.254526582862, 109.87499999999999
DataValue, 0.57500000000000007, 0.001, 4.9459600000000006E-09, 3.3877E-06, 0.10988, 684.94286245744, 109.88
DataValue, 0.5755, 0.001, 5.03197E-09, 3.4464800000000002E-06, 0.109875, 684.916642984756, 109.87499999999999
DataValue, 0.576, 0.001, 5.12332E-09, 3.5172599999999995E-06, 0.109875, 686.519678645878, 109.87499999999999
DataValue, 0.5765, 0.001, 5.2239500000000008E-09, 3.59092E-06, 0.109875, 687.395553173365, 109.87499999999999
DataValue, 0.577, 0.001, 5.3111300000000005E-09, 3.65322E-06, 0.109875, 687.842323573326, 109.87499999999999
DataValue, 0.5775, 0.001, 5.41043E-09, 3.72868E-06, 0.10988, 689.165186500888, 109.88
DataValue, 0.57800000000000007, 0.001, 5.51859E-09, 3.80518E-06, 0.10988, 689.52033037424394, 109.88
DataValue, 0.5785, 0.001, 5.6066399999999996E-09, 3.8721199999999994E-06, 0.10988500000000001, 690.631108828104, 109.885
DataValue, 0.57900000000000007, 0.001, 5.7146E-09, 3.9517E-06, 0.10987000000000001, 691.509466979316, 109.87
DataValue, 0.5795, 0.001, 5.83094E-09, 4.0332E-06, 0.109875, 691.689504608176, 109.87499999999999
DataValue, 0.58, 0.001, 5.9223000000000005E-09, 4.1054199999999994E-06, 0.10987000000000001, 693.21378518480992, 109.87
DataValue, 0.5805, 0.001, 6.03881E-09, 4.18928E-06, 0.10988, 693.726081794261, 109.88
DataValue, 0.581, 0.001, 6.15515E-09, 4.2743200000000004E-06, 0.10987000000000001, 694.429867671787, 109.87
DataValue, 0.5815, 0.001, 6.25391E-09, 4.35062E-06, 0.10987000000000001, 695.663992606226, 109.87
DataValue, 0.58200000000000007, 0.001, 6.37841E-09, 4.4407E-06, 0.109875, 696.207989138359, 109.87499999999999
DataValue, 0.5825, 0.001, 6.49967E-09, 4.5312999999999993E-06, 0.10988, 697.15847112238, 109.88
DataValue, 0.58300000000000007, 0.001, 6.60704E-09, 4.6115199999999995E-06, 0.10987000000000001, 697.97064948902994, 109.87
DataValue, 0.5835, 0.001, 6.7374500000000006E-09, 4.7063399999999996E-06, 0.109875, 698.534311942946, 109.87499999999999
DataValue, 0.584, 0.001, 6.86495E-09, 4.8032399999999994E-06, 0.10988500000000001, 699.675889846248, 109.885
DataValue, 0.5845, 0.001, 6.9820300000000005E-09, 4.8876799999999993E-06, 0.10987000000000001, 700.037095228751, 109.87
DataValue, 0.585, 0.001, 7.1160100000000005E-09, 4.9893599999999989E-06, 0.109875, 701.145726326972, 109.87499999999999
DataValue, 0.5855, 0.001, 7.2528000000000004E-09, 5.09354E-06, 0.109875, 702.286013677476, 109.87499999999999
DataValue, 0.58600000000000008, 0.001, 7.3781800000000011E-09, 5.1824199999999994E-06, 0.10988, 702.398152389884, 109.88
DataValue, 0.5865, 0.001, 7.514220000000001E-09, 5.28856E-06, 0.109875, 703.80691542169393, 109.87499999999999
DataValue, 0.58700000000000008, 0.001, 7.66394E-09, 5.39724E-06, 0.109875, 704.238289965736, 109.87499999999999
DataValue, 0.5875, 0.001, 7.7946000000000012E-09, 5.4931E-06, 0.10987000000000001, 704.731480768737, 109.87
DataValue, 0.588, 0.001, 7.9412E-09, 5.6052399999999995E-06, 0.109875, 705.84294565053108, 109.87499999999999
DataValue, 0.5885, 0.001, 8.09945E-09, 5.72096E-06, 0.10987000000000001, 706.339319336498, 109.87
DataValue, 0.589, 0.001, 8.2320700000000013E-09, 5.82362E-06, 0.109875, 707.430816307442, 109.87499999999999
DataValue, 0.5895, 0.001, 8.39085E-09, 5.94326E-06, 0.10987000000000001, 708.302496171425, 109.87
DataValue, 0.59000000000000008, 0.001, 8.5558E-09, 6.06356E-06, 0.10988, 708.707543420837, 109.88
DataValue, 0.5905, 0.001, 8.6938800000000014E-09, 6.1716599999999995E-06, 0.109875, 709.88557468012, 109.87499999999999
DataValue, 0.59100000000000008, 0.001, 8.8702500000000013E-09, 6.29786E-06, 0.10986499999999999, 709.998027113103, 109.865
DataValue, 0.5915, 0.001, 9.0435700000000017E-09, 6.4282199999999994E-06, 0.10987000000000001, 710.805577885724, 109.87
DataValue, 0.592, 0.001, 9.19091E-09, 6.5414E-06, 0.10987000000000001, 711.724954329876, 109.87
DataValue, 0.5925, 0.001, 9.37809E-09, 6.6770399999999992E-06, 0.10986499999999999, 711.982930426132, 109.865
DataValue, 0.593, 0.001, 9.5543800000000011E-09, 6.8144799999999992E-06, 0.10987000000000001, 713.23099981369808, 109.87
DataValue, 0.5935, 0.001, 9.71538E-09, 6.9334199999999993E-06, 0.109875, 713.654020738252, 109.87499999999999
DataValue, 0.59400000000000008, 0.001, 9.90954E-09, 7.0773E-06, 0.10986000000000001, 714.190567877016, 109.86
DataValue, 0.5945, 0.001, 1.0096099999999999E-08, 7.2223199999999991E-06, 0.109875, 715.357415239548, 109.87499999999999
DataValue, 0.59500000000000008, 0.001, 1.026799E-08, 7.35156E-06, 0.10987000000000001, 715.968753378217, 109.87
DataValue, 0.5955, 0.001, 1.047021E-08, 7.50228E-06, 0.10987000000000001, 716.535771488824, 109.87
DataValue, 0.596, 0.001, 1.0672390000000001E-08, 7.65526E-06, 0.10986499999999999, 717.29575099860506, 109.865
DataValue, 0.5965, 0.001, 1.0851940000000001E-08, 7.78958E-06, 0.10987000000000001, 717.80529564299093, 109.87
DataValue, 0.597, 0.001, 1.106169E-08, 7.9507799999999988E-06, 0.10987000000000001, 718.767204649561, 109.87
DataValue, 0.5975, 0.001, 1.125138E-08, 8.09162E-06, 0.10986499999999999, 719.166893305532, 109.865
DataValue, 0.59800000000000009, 0.001, 1.1468100000000001E-08, 8.25572E-06, 0.10987000000000001, 719.885595695887, 109.87
DataValue, 0.5985, 0.001, 1.16947E-08, 8.43132E-06, 0.10987000000000001, 720.952226222135, 109.87
DataValue, 0.59900000000000009, 0.001, 1.18896E-08, 8.57996E-06, 0.109875, 721.63571524693793, 109.87499999999999
DataValue, 0.5995, 0.001, 1.21234E-08, 8.75746E-06, 0.10986499999999999, 722.360064008446, 109.865
DataValue, 0.60000000000000009, 0.001, 1.23621E-08, 8.93682E-06, 0.10987000000000001, 722.92086296017692, 109.87
DataValue, 0.6005, 0.001, 1.25708E-08, 9.09332E-06, 0.10987000000000001, 723.36844114933, 109.87
DataValue, 0.601, 0.001, 1.28144E-08, 9.28086E-06, 0.10986499999999999, 724.252403546011, 109.865
DataValue, 0.6015, 0.001, 1.30697E-08, 9.4726599999999988E-06, 0.10987000000000001, 724.78021683741792, 109.87
DataValue, 0.602, 0.001, 1.329E-08, 9.64148E-06, 0.109875, 725.46877351392, 109.87499999999999
DataValue, 0.6025, 0.001, 1.3549500000000002E-08, 9.8364E-06, 0.10987000000000001, 725.96036754123793, 109.87
DataValue, 0.60300000000000009, 0.001, 1.38164E-08, 1.0040620000000002E-05, 0.10987000000000001, 726.717524101792, 109.87
DataValue, 0.6035, 0.001, 1.4047600000000001E-08, 1.0215700000000001E-05, 0.10987000000000001, 727.22030809533294, 109.87
DataValue, 0.60400000000000009, 0.001, 1.43252E-08, 1.0430440000000002E-05, 0.109875, 728.11828107112, 109.87499999999999
DataValue, 0.6045, 0.001, 1.4609600000000001E-08, 1.0639620000000002E-05, 0.10987000000000001, 728.26223852809107, 109.87
DataValue, 0.605, 0.001, 1.4855300000000001E-08, 1.08317E-05, 0.109875, 729.147173062812, 109.87499999999999
DataValue, 0.6055, 0.001, 1.5147400000000002E-08, 1.1052760000000001E-05, 0.10987000000000001, 729.680341180665, 109.87
DataValue, 0.606, 0.001, 1.54453E-08, 1.1281680000000001E-05, 0.10987000000000001, 730.428026648884, 109.87
DataValue, 0.6065, 0.001, 1.57044E-08, 1.1479440000000002E-05, 0.10986499999999999, 730.96966455261, 109.865
DataValue, 0.6070000000000001, 0.001, 1.6014600000000003E-08, 1.1714000000000002E-05, 0.109875, 731.457544990196, 109.87499999999999
DataValue, 0.6075, 0.001, 1.63301E-08, 1.1958000000000001E-05, 0.10987000000000001, 732.267408037918, 109.87
DataValue, 0.6080000000000001, 0.001, 1.66103E-08, 1.2168000000000003E-05, 0.10986000000000001, 732.557509497119, 109.86
DataValue, 0.6085, 0.001, 1.6933400000000002E-08, 1.2420000000000001E-05, 0.10986499999999999, 733.461679284727, 109.865
DataValue, 0.609, 0.001, 1.72693E-08, 1.2675000000000002E-05, 0.10987000000000001, 733.96142287180191, 109.87
DataValue, 0.6095, 0.001, 1.7562800000000002E-08, 1.2895000000000003E-05, 0.10986499999999999, 734.222333568679, 109.865
DataValue, 0.61, 0.001, 1.79086E-08, 1.3160000000000001E-05, 0.10987000000000001, 734.842477915638, 109.87
DataValue, 0.6105, 0.001, 1.82657E-08, 1.343E-05, 0.10987000000000001, 735.257887734935, 109.87
DataValue, 0.6110000000000001, 0.001, 1.85746E-08, 1.3665000000000002E-05, 0.10986499999999999, 735.682060448139, 109.865
DataValue, 0.6115, 0.001, 1.89389E-08, 1.3952000000000001E-05, 0.10987000000000001, 736.684812739916, 109.87
DataValue, 0.6120000000000001, 0.001, 1.93199E-08, 1.4240000000000001E-05, 0.109875, 737.0638564381801, 109.87499999999999
DataValue, 0.6125, 0.001, 1.96424E-08, 1.4492000000000001E-05, 0.10986499999999999, 737.791715879933, 109.865
DataValue, 0.613, 0.001, 2.0031500000000003E-08, 1.4786E-05, 0.10987000000000001, 738.137433542171, 109.87
DataValue, 0.6135, 0.001, 2.0432800000000004E-08, 1.5094000000000002E-05, 0.10986499999999999, 738.71422418856, 109.865
DataValue, 0.614, 0.001, 2.07755E-08, 1.5361E-05, 0.10986000000000001, 739.380520324421, 109.86
DataValue, 0.6145, 0.001, 2.1191499999999998E-08, 1.5678E-05, 0.10987000000000001, 739.824929806762, 109.87
DataValue, 0.6150000000000001, 0.001, 2.16059E-08, 1.6001E-05, 0.10986499999999999, 740.58474768466, 109.865
DataValue, 0.6155, 0.001, 2.1977500000000003E-08, 1.628E-05, 0.10987000000000001, 740.757592992834, 109.87
DataValue, 0.6160000000000001, 0.001, 2.24091E-08, 1.662E-05, 0.10986499999999999, 741.662985126578, 109.865
DataValue, 0.6165, 0.001, 2.2856800000000003E-08, 1.6961000000000002E-05, 0.10986499999999999, 742.054880823212, 109.865
DataValue, 0.617, 0.001, 2.32467E-08, 1.7255000000000003E-05, 0.10987000000000001, 742.25589008332406, 109.87
DataValue, 0.6175, 0.001, 2.3705900000000002E-08, 1.7615000000000003E-05, 0.10986499999999999, 743.06396297968, 109.865
DataValue, 0.618, 0.001, 2.4175300000000003E-08, 1.7972E-05, 0.10987000000000001, 743.403391064434, 109.87
DataValue, 0.6185, 0.001, 2.45891E-08, 1.8291E-05, 0.10987000000000001, 743.866184610254, 109.87
DataValue, 0.61900000000000011, 0.001, 2.50728E-08, 1.8669E-05, 0.10986499999999999, 744.591748827414, 109.865
DataValue, 0.6195, 0.001, 2.5573000000000003E-08, 1.9056000000000002E-05, 0.10986000000000001, 745.160911899269, 109.86
DataValue, 0.62000000000000011, 0.001, 2.60032E-08, 1.9383E-05, 0.10987000000000001, 745.40825744523806, 109.87
DataValue, 0.6205, 0.001, 2.65238E-08, 1.9785E-05, 0.109875, 745.933840550751, 109.87499999999999
DataValue, 0.621, 0.001, 2.69814E-08, 2.0138E-05, 0.10986499999999999, 746.366015106703, 109.865
DataValue, 0.6215, 0.001, 2.75168E-08, 2.0552000000000002E-05, 0.10986000000000001, 746.88917315967, 109.86
DataValue, 0.622, 0.001, 2.80627E-08, 2.0967E-05, 0.10986499999999999, 747.148349944945, 109.865
DataValue, 0.6225, 0.001, 2.85393E-08, 2.1345000000000003E-05, 0.10987000000000001, 747.916031577509, 109.87
DataValue, 0.62300000000000011, 0.001, 2.91133E-08, 2.1781000000000004E-05, 0.10986499999999999, 748.146036347649, 109.865
DataValue, 0.6235, 0.001, 2.96901E-08, 2.2225000000000005E-05, 0.10986499999999999, 748.566020323273, 109.865
DataValue, 0.62400000000000011, 0.001, 3.0199600000000004E-08, 2.2621000000000002E-05, 0.10987000000000001, 749.049656286838, 109.87
DataValue, 0.6245, 0.001, 3.0800600000000004E-08, 2.3094000000000003E-05, 0.10986499999999999, 749.790588495029, 109.865
DataValue, 0.625, 0.001, 3.14176E-08, 2.3566E-05, 0.10987000000000001, 750.08912202077806, 109.87
DataValue, 0.62550000000000006, 0.001, 3.1948400000000004E-08, 2.3982000000000002E-05, 0.10986000000000001, 750.64791977063, 109.86
DataValue, 0.626, 0.001, 3.25853E-08, 2.4474000000000003E-05, 0.10986499999999999, 751.074871184246, 109.865
DataValue, 0.62650000000000006, 0.001, 3.32405E-08, 2.4978E-05, 0.10987000000000001, 751.432740181405, 109.87
DataValue, 0.627, 0.001, 3.3805000000000004E-08, 2.5417000000000004E-05, 0.10986000000000001, 751.87102499630191, 109.86
DataValue, 0.62750000000000006, 0.001, 3.44814E-08, 2.5938E-05, 0.10986499999999999, 752.231637926534, 109.865
DataValue, 0.62800000000000011, 0.001, 3.5168300000000004E-08, 2.6464E-05, 0.10986499999999999, 752.495855642724, 109.865
DataValue, 0.62850000000000006, 0.001, 3.57667E-08, 2.6934000000000003E-05, 0.10986499999999999, 753.046828474531, 109.865
DataValue, 0.629, 0.001, 3.6480700000000005E-08, 2.7502000000000002E-05, 0.10986499999999999, 753.878077997407, 109.865
DataValue, 0.62950000000000006, 0.001, 3.72143E-08, 2.8048000000000003E-05, 0.10987000000000001, 753.688770177056, 109.87
DataValue, 0.63, 0.001, 3.78472E-08, 2.8551000000000005E-05, 0.10987000000000001, 754.375488807627, 109.87
DataValue, 0.63050000000000006, 0.001, 3.86011E-08, 2.9143000000000002E-05, 0.10986499999999999, 754.978485069078, 109.865
DataValue, 0.631, 0.001, 3.93744E-08, 2.9722E-05, 0.10986000000000001, 754.85594701125592, 109.86
DataValue, 0.63150000000000006, 0.001, 4.00497E-08, 3.0266000000000005E-05, 0.10986499999999999, 755.71102904641, 109.865
DataValue, 0.63200000000000012, 0.001, 4.08516E-08, 3.0878000000000005E-05, 0.10986499999999999, 755.85778769987, 109.865
DataValue, 0.63250000000000006, 0.001, 4.16636E-08, 3.1526E-05, 0.10986000000000001, 756.679691625304, 109.86
DataValue, 0.633, 0.001, 4.2377200000000007E-08, 3.2068E-05, 0.10986499999999999, 756.727674315434, 109.865
DataValue, 0.63350000000000006, 0.001, 4.32203E-08, 3.2733E-05, 0.10986499999999999, 757.35244780809, 109.865
DataValue, 0.634, 0.001, 4.40858E-08, 3.3394E-05, 0.10986499999999999, 757.477464398968, 109.865
DataValue, 0.63450000000000006, 0.001, 4.4842000000000005E-08, 3.3990000000000005E-05, 0.10986000000000001, 757.994737076848, 109.86
DataValue, 0.635, 0.001, 4.5739000000000003E-08, 3.4683000000000007E-05, 0.10986499999999999, 758.280679507641, 109.865
DataValue, 0.63550000000000006, 0.001, 4.6516400000000006E-08, 3.5294000000000005E-05, 0.10986499999999999, 758.743152952507, 109.865
DataValue, 0.63600000000000012, 0.001, 4.74486E-08, 3.6024E-05, 0.10986499999999999, 759.221557643429, 109.865
DataValue, 0.63650000000000007, 0.001, 4.8397500000000007E-08, 3.6775000000000006E-05, 0.10987000000000001, 759.853298207552, 109.87
DataValue, 0.637, 0.001, 4.92237E-08, 3.7408000000000005E-05, 0.10986499999999999, 759.95912538066, 109.865
DataValue, 0.63750000000000007, 0.001, 5.0215699999999995E-08, 3.8177000000000004E-05, 0.10986000000000001, 760.26023733613192, 109.86
DataValue, 0.638, 0.001, 5.1216E-08, 3.8967E-05, 0.10986000000000001, 760.83645735707591, 109.86
DataValue, 0.63850000000000007, 0.001, 5.20875E-08, 3.9643000000000007E-05, 0.10986499999999999, 761.084713222942, 109.865
DataValue, 0.639, 0.001, 5.3126400000000004E-08, 4.0460000000000009E-05, 0.10987000000000001, 761.5799301289, 109.87
DataValue, 0.6395, 0.001, 5.41912E-08, 4.1293E-05, 0.10986499999999999, 761.987186111398, 109.865
DataValue, 0.64000000000000012, 0.001, 5.5121700000000006E-08, 4.2011000000000008E-05, 0.10986000000000001, 762.149933692176, 109.86
DataValue, 0.64050000000000007, 0.001, 5.62267E-08, 4.2878000000000005E-05, 0.10986000000000001, 762.59143787559992, 109.86
DataValue, 0.641, 0.001, 5.73451E-08, 4.3768000000000005E-05, 0.10986000000000001, 763.238707404818, 109.86
DataValue, 0.64150000000000007, 0.001, 5.8332800000000006E-08, 4.4534000000000004E-05, 0.10986499999999999, 763.446980086675, 109.865
DataValue, 0.642, 0.001, 5.9507500000000005E-08, 4.5452000000000005E-05, 0.10986499999999999, 763.802881989665, 109.865
DataValue, 0.64250000000000007, 0.001, 6.0700000000000008E-08, 4.638E-05, 0.10986000000000001, 764.085667215815, 109.86
DataValue, 0.643, 0.001, 6.1735100000000009E-08, 4.7214000000000006E-05, 0.109855, 764.783729191335, 109.85499999999999
DataValue, 0.6435, 0.001, 6.29819E-08, 4.8166000000000006E-05, 0.10986000000000001, 764.759399128956, 109.86
DataValue, 0.64400000000000013, 0.001, 6.42484E-08, 4.9157000000000004E-05, 0.10986499999999999, 765.108547450209, 109.865
DataValue, 0.64450000000000007, 0.001, 6.53346E-08, 5.0016000000000004E-05, 0.10986000000000001, 765.536178380215, 109.86
DataValue, 0.645, 0.001, 6.66606E-08, 5.1057E-05, 0.10986000000000001, 765.92469914762194, 109.86
DataValue, 0.64550000000000007, 0.001, 6.80062E-08, 5.2086E-05, 0.10986000000000001, 765.90075610753092, 109.86
DataValue, 0.646, 0.001, 6.91573E-08, 5.3011000000000005E-05, 0.10986499999999999, 766.527900886819, 109.865
DataValue, 0.64650000000000007, 0.001, 7.05584E-08, 5.4119000000000008E-05, 0.109855, 767.010022903014, 109.85499999999999
DataValue, 0.647, 0.001, 7.19733E-08, 5.5222E-05, 0.10986000000000001, 767.256746599086, 109.86
DataValue, 0.6475, 0.001, 7.32055E-08, 5.6178E-05, 0.109875, 767.40135645545809, 109.87499999999999
DataValue, 0.64800000000000013, 0.001, 7.46846E-08, 5.7343E-05, 0.10986000000000001, 767.80219750792, 109.86
DataValue, 0.64850000000000008, 0.001, 7.5955000000000007E-08, 5.8345000000000005E-05, 0.10986499999999999, 768.152195378843, 109.865
DataValue, 0.649, 0.001, 7.74856E-08, 5.9531E-05, 0.10986499999999999, 768.284687735528, 109.865
DataValue, 0.64950000000000008, 0.001, 7.90372E-08, 6.0757000000000008E-05, 0.10986000000000001, 768.71397266097506, 109.86
DataValue, 0.65, 0.001, 8.04022E-08, 6.1827E-05, 0.10986499999999999, 768.971495804841, 109.865
DataValue, 0.65050000000000008, 0.001, 8.20181E-08, 6.3089E-05, 0.10986499999999999, 769.208260127947, 109.865
DataValue, 0.651, 0.001, 8.3674599999999991E-08, 6.4392E-05, 0.10986000000000001, 769.552528485347, 109.86
DataValue, 0.6515, 0.001, 8.51202E-08, 6.5531E-05, 0.10986499999999999, 769.864262536977, 109.865
DataValue, 0.652, 0.001, 8.68159E-08, 6.6875E-05, 0.10987000000000001, 770.30820391195607, 109.87
DataValue, 0.65250000000000008, 0.001, 8.85553E-08, 6.8233000000000009E-05, 0.109855, 770.512888556642, 109.85499999999999
DataValue, 0.653, 0.001, 9.0077300000000009E-08, 6.9432000000000009E-05, 0.109855, 770.804631133482, 109.85499999999999
DataValue, 0.65350000000000008, 0.001, 9.18924E-08, 7.087900000000001E-05, 0.10986000000000001, 771.326029138427, 109.86
DataValue, 0.654, 0.001, 9.37482E-08, 7.231E-05, 0.10986000000000001, 771.32147603900694, 109.86
DataValue, 0.65450000000000008, 0.001, 9.534890000000001E-08, 7.3585000000000008E-05, 0.10986000000000001, 771.744613729157, 109.86
DataValue, 0.655, 0.001, 9.7258E-08, 7.5061E-05, 0.109855, 771.77198790845, 109.85499999999999
DataValue, 0.6555, 0.001, 9.92263E-08, 7.6620000000000008E-05, 0.109855, 772.17431265702794, 109.85499999999999
DataValue, 0.656, 0.001, 1.009184E-07, 7.7967000000000008E-05, 0.10986499999999999, 772.574674192219, 109.865
DataValue, 0.65650000000000008, 0.001, 1.0295799999999999E-07, 7.9578E-05, 0.10986000000000001, 772.917111832009, 109.86
DataValue, 0.657, 0.001, 1.05037E-07, 8.1212000000000008E-05, 0.10986000000000001, 773.175166845969, 109.86
DataValue, 0.65750000000000008, 0.001, 1.0682849999999998E-07, 8.2598000000000011E-05, 0.109855, 773.18318613478607, 109.85499999999999
DataValue, 0.658, 0.001, 1.089746E-07, 8.4307E-05, 0.10986499999999999, 773.638994774929, 109.865
DataValue, 0.65850000000000009, 0.001, 1.11165E-07, 8.6058000000000009E-05, 0.10986000000000001, 774.14653892862009, 109.86
DataValue, 0.659, 0.001, 1.1309359999999999E-07, 8.7571E-05, 0.109855, 774.323215460468, 109.85499999999999
DataValue, 0.6595, 0.001, 1.1537E-07, 8.9317E-05, 0.109855, 774.17872930571207, 109.85499999999999
DataValue, 0.66, 0.001, 1.177E-07, 9.1165000000000012E-05, 0.10986000000000001, 774.55395072217493, 109.86
DataValue, 0.66050000000000009, 0.001, 1.1971E-07, 9.2757E-05, 0.109855, 774.84754824158392, 109.85499999999999
DataValue, 0.661, 0.001, 1.2211E-07, 9.4666E-05, 0.109855, 775.25182212759, 109.85499999999999
DataValue, 0.66150000000000009, 0.001, 1.2462E-07, 9.6631E-05, 0.10986499999999999, 775.405231904991, 109.865
DataValue, 0.662, 0.001, 1.2676E-07, 9.8297000000000011E-05, 0.10986000000000001, 775.457557589145, 109.86
DataValue, 0.66250000000000009, 0.001, 1.2927E-07, 0.00010028999999999999, 0.109855, 775.818055233233, 109.85499999999999
DataValue, 0.663, 0.001, 1.3153E-07, 0.000102066, 0.10986000000000001, 775.99026837983706, 109.86
DataValue, 0.6635, 0.001, 1.3417E-07, 0.000104172, 0.10986000000000001, 776.417977193113, 109.86
DataValue, 0.664, 0.001, 1.3684E-07, 0.00010629, 0.10986000000000001, 776.746565331774, 109.86
DataValue, 0.6645, 0.001, 1.3926E-07, 0.00010811900000000001, 0.10986000000000001, 776.382306477093, 109.86
DataValue, 0.665, 0.001, 1.4207E-07, 0.00011034200000000001, 0.109855, 776.673470824242, 109.85499999999999
DataValue, 0.66550000000000009, 0.001, 1.4487E-07, 0.00011262200000000001, 0.10986000000000001, 777.400427969904, 109.86
DataValue, 0.666, 0.001, 1.4736E-07, 0.00011456500000000001, 0.109855, 777.449782844734, 109.85499999999999
DataValue, 0.66650000000000009, 0.001, 1.5036E-07, 0.00011684000000000001, 0.109855, 777.06836924714, 109.85499999999999
DataValue, 0.667, 0.001, 1.5343E-07, 0.00011927000000000002, 0.109855, 777.357752721111, 109.85499999999999
DataValue, 0.6675, 0.001, 1.56E-07, 0.00012135000000000001, 0.10986000000000001, 777.884615384616, 109.86
DataValue, 0.668, 0.001, 1.5915999999999998E-07, 0.00012383, 0.10986000000000001, 778.022116109576, 109.86
DataValue, 0.6685, 0.001, 1.6237E-07, 0.00012635, 0.10986000000000001, 778.160990330726, 109.86
DataValue, 0.669, 0.001, 1.6515999999999998E-07, 0.0001286, 0.109855, 778.638895616372, 109.85499999999999
DataValue, 0.6695000000000001, 0.001, 1.685E-07, 0.00013122, 0.109855, 778.753709198813, 109.85499999999999
DataValue, 0.67, 0.001, 1.7183999999999998E-07, 0.00013389, 0.10985, 779.155027932961, 109.85000000000001
DataValue, 0.6705000000000001, 0.001, 1.7484E-07, 0.00013626, 0.10985, 779.341111873713, 109.85000000000001
DataValue, 0.671, 0.001, 1.7836E-07, 0.00013905000000000002, 0.109855, 779.603050011214, 109.85499999999999
DataValue, 0.6715, 0.001, 1.8197E-07, 0.00014185, 0.109855, 779.524097378689, 109.85499999999999
DataValue, 0.672, 0.001, 1.8505E-07, 0.00014432, 0.109855, 779.897325047284, 109.85499999999999
DataValue, 0.6725, 0.001, 1.8875999999999998E-07, 0.00014729, 0.10986000000000001, 780.30303030303, 109.86
DataValue, 0.673, 0.001, 1.9254E-07, 0.00015029, 0.109855, 780.565077386517, 109.85499999999999
DataValue, 0.6735000000000001, 0.001, 1.9593E-07, 0.00015291, 0.10986000000000001, 780.431786862655, 109.86
DataValue, 0.674, 0.001, 1.9982E-07, 0.00015600000000000002, 0.10985, 780.70263236913206, 109.85000000000001
DataValue, 0.6745000000000001, 0.001, 2.0386999999999999E-07, 0.00015918000000000003, 0.109855, 780.791680973169, 109.85499999999999
DataValue, 0.675, 0.001, 2.0739999999999997E-07, 0.00016196, 0.10985, 780.906460945034, 109.85000000000001
DataValue, 0.6755, 0.001, 2.1145999999999996E-07, 0.00016524, 0.10986499999999999, 781.424382862007, 109.865
DataValue, 0.676, 0.001, 2.1518E-07, 0.00016811000000000002, 0.10986000000000001, 781.25290454503192, 109.86
DataValue, 0.6765, 0.001, 2.1947999999999998E-07, 0.00017151000000000002, 0.109855, 781.437944231821, 109.85499999999999
DataValue, 0.677, 0.001, 2.2387E-07, 0.00017508, 0.109855, 782.0610175548311, 109.85499999999999
DataValue, 0.6775000000000001, 0.001, 2.2781999999999999E-07, 0.00017813000000000003, 0.109855, 781.889210780441, 109.85499999999999
DataValue, 0.678, 0.001, 2.3235999999999997E-07, 0.00018172, 0.10986000000000001, 782.062317094164, 109.86
DataValue, 0.6785000000000001, 0.001, 2.3704999999999997E-07, 0.00018544, 0.109855, 782.282218941152, 109.85499999999999
DataValue, 0.679, 0.001, 2.411E-07, 0.00018871, 0.109855, 782.704272086271, 109.85499999999999
DataValue, 0.6795, 0.001, 2.4590999999999996E-07, 0.00019255000000000002, 0.10986000000000001, 783.01004432515992, 109.86
DataValue, 0.68, 0.001, 2.509E-07, 0.0001964, 0.109855, 782.781984854524, 109.85499999999999
DataValue, 0.6805, 0.001, 2.5523E-07, 0.00019979, 0.109855, 782.784155467618, 109.85499999999999
DataValue, 0.681, 0.001, 2.6026E-07, 0.00020395, 0.109855, 783.639437485592, 109.85499999999999
DataValue, 0.68150000000000011, 0.001, 2.6565E-07, 0.00020811000000000004, 0.10985, 783.399209486166, 109.85000000000001
DataValue, 0.682, 0.001, 2.7019999999999997E-07, 0.00021177000000000001, 0.109855, 783.752775721688, 109.85499999999999
DataValue, 0.68250000000000011, 0.001, 2.7562000000000003E-07, 0.00021602000000000004, 0.109855, 783.760249619041, 109.85499999999999
DataValue, 0.683, 0.001, 2.8121E-07, 0.00022038000000000003, 0.109855, 783.684790725792, 109.85499999999999
DataValue, 0.6835, 0.001, 2.8599E-07, 0.00022424, 0.10986000000000001, 784.083359558027, 109.86
DataValue, 0.684, 0.001, 2.9169999999999995E-07, 0.00022878, 0.109855, 784.29893726431294, 109.85499999999999
DataValue, 0.6845, 0.001, 2.9757E-07, 0.00023341, 0.109855, 784.386866955674, 109.85499999999999
DataValue, 0.685, 0.001, 3.0272999999999996E-07, 0.00023738000000000004, 0.10985, 784.131073894229, 109.85000000000001
DataValue, 0.68550000000000011, 0.001, 3.087E-07, 0.00024238000000000002, 0.10986000000000001, 785.16358924522194, 109.86
DataValue, 0.686, 0.001, 3.1495E-07, 0.00024723000000000003, 0.10985, 784.981743133831, 109.85000000000001
DataValue, 0.68650000000000011, 0.001, 3.2049E-07, 0.00025149, 0.109855, 784.704670972573, 109.85499999999999
DataValue, 0.687, 0.001, 3.2682999999999997E-07, 0.00025664, 0.109855, 785.240033044702, 109.85499999999999
DataValue, 0.6875, 0.001, 3.3343E-07, 0.00026173000000000006, 0.10986000000000001, 784.962360915335, 109.86
DataValue, 0.68800000000000006, 0.001, 3.3917E-07, 0.00026636000000000005, 0.109855, 785.328891116549, 109.85499999999999
DataValue, 0.6885, 0.001, 3.4582999999999997E-07, 0.00027171, 0.10985, 785.675042651014, 109.85000000000001
DataValue, 0.68900000000000006, 0.001, 3.5278999999999997E-07, 0.00027728000000000003, 0.10985, 785.96332095581, 109.85000000000001
DataValue, 0.6895, 0.001, 3.5893999999999996E-07, 0.00028212, 0.10986000000000001, 785.980943890344, 109.86
DataValue, 0.69000000000000006, 0.001, 3.6613E-07, 0.00028779, 0.10986000000000001, 786.032283615109, 109.86
DataValue, 0.69050000000000011, 0.001, 3.7251E-07, 0.0002928, 0.109845, 786.019167270677, 109.845
DataValue, 0.69100000000000006, 0.001, 3.8002E-07, 0.00029871, 0.109855, 786.037576969633, 109.85499999999999
DataValue, 0.6915, 0.001, 3.8774999999999996E-07, 0.00030467, 0.10985, 785.738233397808, 109.85000000000001
DataValue, 0.69200000000000006, 0.001, 3.9426E-07, 0.00030991, 0.109855, 786.0548876376, 109.85499999999999
DataValue, 0.6925, 0.001, 4.0217E-07, 0.00031625, 0.109855, 786.359002411915, 109.85499999999999
DataValue, 0.69300000000000006, 0.001, 4.1026999999999993E-07, 0.0003227, 0.10985, 786.555195359154, 109.85000000000001
DataValue, 0.6935, 0.001, 4.1719E-07, 0.00032816000000000003, 0.10985, 786.59603537956309, 109.85000000000001
DataValue, 0.69400000000000006, 0.001, 4.2552999999999997E-07, 0.00033491, 0.10986000000000001, 787.04204168918807, 109.86
DataValue, 0.69450000000000012, 0.001, 4.3409000000000004E-07, 0.00034146000000000003, 0.10985, 786.611071436799, 109.85000000000001
DataValue, 0.69500000000000006, 0.001, 4.4156000000000004E-07, 0.00034740000000000004, 0.10985, 786.756046743364, 109.85000000000001
DataValue, 0.6955, 0.001, 4.5026999999999997E-07, 0.00035436, 0.10985, 786.994469984676, 109.85000000000001
DataValue, 0.69600000000000006, 0.001, 4.5907E-07, 0.00036149, 0.10986000000000001, 787.439823991984, 109.86
DataValue, 0.6965, 0.001, 4.6704E-07, 0.00036773, 0.109855, 787.362966769442, 109.85499999999999
DataValue, 0.69700000000000006, 0.001, 4.7644E-07, 0.0003751, 0.10985, 787.297456132986, 109.85000000000001
DataValue, 0.6975, 0.001, 4.8605E-07, 0.00038264, 0.10985, 787.244110688201, 109.85000000000001
DataValue, 0.69800000000000006, 0.001, 4.9428E-07, 0.00038927000000000005, 0.10986000000000001, 787.549567047018, 109.86
DataValue, 0.69850000000000012, 0.001, 5.0426E-07, 0.0003971, 0.109855, 787.490580256217, 109.85499999999999
DataValue, 0.69900000000000007, 0.001, 5.1407E-07, 0.00040509000000000004, 0.109855, 788.00552453946, 109.85499999999999
DataValue, 0.6995, 0.001, 5.2291999999999992E-07, 0.00041202, 0.109855, 787.921670618833, 109.85499999999999
DataValue, 0.70000000000000007, 0.001, 5.3349E-07, 0.00042042, 0.109855, 788.056008547489, 109.85499999999999
DataValue, 0.7005, 0.001, 5.4403E-07, 0.00042887000000000009, 0.10986499999999999, 788.320497031414, 109.865
DataValue, 0.70100000000000007, 0.001, 5.5345E-07, 0.00043631000000000003, 0.109855, 788.345830698347, 109.85499999999999
DataValue, 0.7015, 0.001, 5.6457E-07, 0.00044479, 0.109855, 787.838531980091, 109.85499999999999
DataValue, 0.702, 0.001, 5.7559E-07, 0.00045369000000000003, 0.109855, 788.217307458434, 109.85499999999999
DataValue, 0.70250000000000012, 0.001, 5.8556E-07, 0.00046172000000000004, 0.109855, 788.510144135528, 109.85499999999999
DataValue, 0.70300000000000007, 0.001, 5.9718E-07, 0.00047093, 0.109855, 788.589704946582, 109.85499999999999
DataValue, 0.7035, 0.001, 6.0728E-07, 0.00047897, 0.109855, 788.713608220261, 109.85499999999999
DataValue, 0.70400000000000007, 0.001, 6.1940999999999991E-07, 0.00048860000000000006, 0.10985, 788.815162816228, 109.85000000000001
DataValue, 0.7045, 0.001, 6.3158E-07, 0.00049837, 0.10985, 789.08451819247, 109.85000000000001
DataValue, 0.70500000000000007, 0.001, 6.4253E-07, 0.0005067, 0.109855, 788.601310444648, 109.85499999999999
DataValue, 0.7055, 0.001, 6.5526999999999991E-07, 0.00051693, 0.10985, 788.880919315702, 109.85000000000001
DataValue, 0.706, 0.001, 6.6811999999999992E-07, 0.00052732000000000007, 0.10985, 789.259414476442, 109.85000000000001
DataValue, 0.70650000000000013, 0.001, 6.7958E-07, 0.00053629, 0.10985, 789.149180376115, 109.85000000000001
DataValue, 0.70700000000000007, 0.001, 6.9292999999999995E-07, 0.00054685, 0.109855, 789.185054767437, 109.85499999999999
DataValue, 0.7075, 0.001, 7.067599999999999E-07, 0.0005579, 0.10986000000000001, 789.376874752391, 109.86
DataValue, 0.70800000000000007, 0.001, 7.1897E-07, 0.00056747, 0.10985, 789.281889369515, 109.85000000000001
DataValue, 0.7085, 0.001, 7.3315E-07, 0.00057880000000000008, 0.10985, 789.470094796426, 109.85000000000001
DataValue, 0.70900000000000007, 0.001, 7.4752999999999992E-07, 0.00059006999999999994, 0.109855, 789.359624362902, 109.85499999999999
DataValue, 0.7095, 0.001, 7.6032E-07, 0.00060027, 0.109855, 789.496527777778, 109.85499999999999
DataValue, 0.71, 0.001, 7.7526E-07, 0.00061219000000000009, 0.10985, 789.65766323556, 109.85000000000001
DataValue, 0.71050000000000013, 0.001, 7.9077E-07, 0.00062419, 0.109845, 789.344562894394, 109.845
DataValue, 0.71100000000000008, 0.001, 8.0387E-07, 0.00063502, 0.109855, 789.9535994626001, 109.85499999999999
DataValue, 0.7115, 0.001, 8.1982E-07, 0.00064734, 0.109855, 789.612353931351, 109.85499999999999
DataValue, 0.71200000000000008, 0.001, 8.3615999999999989E-07, 0.00066026, 0.10985, 789.633562954458, 109.85000000000001
DataValue, 0.7125, 0.001, 8.5001E-07, 0.00067127000000000007, 0.109855, 789.720120939754, 109.85499999999999
DataValue, 0.71300000000000008, 0.001, 8.6701999999999994E-07, 0.00068465, 0.109855, 789.658831399506, 109.85499999999999
DataValue, 0.7135, 0.001, 8.839299999999999E-07, 0.0006984300000000001, 0.10985, 790.141753306257, 109.85000000000001
DataValue, 0.714, 0.001, 8.9890000000000009E-07, 0.00070997000000000009, 0.109855, 789.82089220158, 109.85499999999999
DataValue, 0.7145, 0.001, 9.1662999999999992E-07, 0.00072429, 0.109855, 790.16615210063, 109.85499999999999
DataValue, 0.71500000000000008, 0.001, 9.3457E-07, 0.00073815, 0.109855, 789.82847726762, 109.85499999999999
DataValue, 0.7155, 0.001, 9.5008E-07, 0.00075066, 0.109855, 790.101886156955, 109.85499999999999
DataValue, 0.71600000000000008, 0.001, 9.6877E-07, 0.00076564, 0.10985, 790.32174819616591, 109.85000000000001
DataValue, 0.7165, 0.001, 9.8782999999999987E-07, 0.00078059000000000006, 0.10986499999999999, 790.206816962433, 109.865
DataValue, 0.71700000000000008, 0.001, 1.0045999999999999E-06, 0.00079381, 0.109855, 790.175194107107, 109.85499999999999
DataValue, 0.7175, 0.001, 1.0241299999999998E-06, 0.00080929, 0.10985, 790.221944479705, 109.85000000000001
DataValue, 0.718, 0.001, 1.04146E-06, 0.00082329000000000007, 0.109845, 790.51523822326408, 109.845
DataValue, 0.7185, 0.001, 1.06203E-06, 0.00083925, 0.10984000000000001, 790.231914352702, 109.84
DataValue, 0.71900000000000008, 0.001, 1.0826800000000001E-06, 0.00085568000000000016, 0.109855, 790.335094395389, 109.85499999999999
DataValue, 0.7195, 0.001, 1.10078E-06, 0.00087025000000000015, 0.10986000000000001, 790.575773542397, 109.86
DataValue, 0.72000000000000008, 0.001, 1.12258E-06, 0.00088741, 0.10985, 790.509362361703, 109.85000000000001
DataValue, 0.7205, 0.001, 1.14465E-06, 0.00090467, 0.10985, 790.34639409426507, 109.85000000000001
DataValue, 0.72100000000000009, 0.001, 1.16304E-06, 0.00091976, 0.10985, 790.824047324254, 109.85000000000001
DataValue, 0.7215, 0.001, 1.18592E-06, 0.0009375500000000001, 0.10985, 790.567660550459, 109.85000000000001
DataValue, 0.722, 0.001, 1.2086799999999998E-06, 0.00095578, 0.109845, 790.763477512659, 109.845
DataValue, 0.7225, 0.001, 1.22886E-06, 0.00097199000000000016, 0.10985, 790.968865452533, 109.85000000000001
DataValue, 0.72300000000000009, 0.001, 1.25294E-06, 0.00099076, 0.109845, 790.748160326911, 109.845
DataValue, 0.7235, 0.001, 1.2773E-06, 0.0010099, 0.10985, 790.652156893447, 109.85000000000001
DataValue, 0.72400000000000009, 0.001, 1.2985E-06, 0.00102662, 0.109845, 790.619946091644, 109.845
DataValue, 0.7245, 0.001, 1.3238599999999999E-06, 0.00104665, 0.109845, 790.604746725485, 109.845
DataValue, 0.72500000000000009, 0.001, 1.34932E-06, 0.00106708, 0.10985, 790.827972608425, 109.85000000000001
DataValue, 0.7255, 0.001, 1.37172E-06, 0.00108448, 0.10985, 790.598664450471, 109.85000000000001
DataValue, 0.726, 0.001, 1.3982E-06, 0.0011057699999999998, 0.109845, 790.852524674581, 109.845
DataValue, 0.7265, 0.001, 1.42566E-06, 0.00112714, 0.10985, 790.60926167529408, 109.85000000000001
DataValue, 0.727, 0.001, 1.44944E-06, 0.0011463, 0.10985, 790.85715862678, 109.85000000000001
DataValue, 0.7275, 0.001, 1.47752E-06, 0.0011681999999999999, 0.109845, 790.64919594997, 109.845
DataValue, 0.72800000000000009, 0.001, 1.50604E-06, 0.0011907, 0.10985, 790.616451090277, 109.85000000000001
DataValue, 0.7285, 0.001, 1.5308999999999998E-06, 0.0012102999999999999, 0.109845, 790.580704160951, 109.845
DataValue, 0.72900000000000009, 0.001, 1.56044E-06, 0.0012338, 0.10984000000000001, 790.67442516213407, 109.84
DataValue, 0.7295, 0.001, 1.59046E-06, 0.0012576, 0.109845, 790.714636017253, 109.845
DataValue, 0.73, 0.001, 1.61632E-06, 0.0012779, 0.109845, 790.623143931895, 109.845
DataValue, 0.7305, 0.001, 1.6469999999999999E-06, 0.0013021, 0.109845, 790.58894960534292, 109.845
DataValue, 0.731, 0.001, 1.67426E-06, 0.0013234, 0.109845, 790.438761004862, 109.845
DataValue, 0.7315, 0.001, 1.7062999999999999E-06, 0.0013495999999999998, 0.109855, 790.951180917775, 109.85499999999999
DataValue, 0.7320000000000001, 0.001, 1.73932E-06, 0.0013748, 0.109845, 790.423843801026, 109.845
DataValue, 0.7325, 0.001, 1.7673E-06, 0.0013977, 0.10985, 790.867424885418, 109.85000000000001
DataValue, 0.7330000000000001, 0.001, 1.80132E-06, 0.0014238, 0.109845, 790.4203584038371, 109.845
DataValue, 0.7335, 0.001, 1.83572E-06, 0.0014508000000000001, 0.10984000000000001, 790.316606018347, 109.84
DataValue, 0.734, 0.001, 1.86542E-06, 0.0014747, 0.109845, 790.545828821392, 109.845
DataValue, 0.7345, 0.001, 1.9000399999999999E-06, 0.0015023, 0.10985, 790.667564893371, 109.85000000000001
DataValue, 0.735, 0.001, 1.93702E-06, 0.0015313000000000002, 0.10984000000000001, 790.544238056396, 109.84
DataValue, 0.7355, 0.001, 1.9683399999999997E-06, 0.0015559, 0.10985, 790.463029761119, 109.85000000000001
DataValue, 0.7360000000000001, 0.001, 2.00554E-06, 0.0015849, 0.109845, 790.260977093451, 109.845
DataValue, 0.7365, 0.001, 2.04298E-06, 0.0016153, 0.109845, 790.658743600035, 109.845
DataValue, 0.7370000000000001, 0.001, 2.0769E-06, 0.0016414, 0.10985, 790.312484953537, 109.85000000000001
DataValue, 0.7375, 0.001, 2.1163400000000002E-06, 0.0016722999999999998, 0.109845, 790.184941928045, 109.845
DataValue, 0.738, 0.001, 2.15602E-06, 0.0017039, 0.109845, 790.298791291361, 109.845
DataValue, 0.7385, 0.001, 2.19142E-06, 0.0017311000000000002, 0.109845, 789.944419600077, 109.845
DataValue, 0.739, 0.001, 2.23238E-06, 0.0017636000000000002, 0.10985, 790.008869457709, 109.85000000000001
DataValue, 0.7395, 0.001, 2.2744599999999997E-06, 0.0017962, 0.10985, 789.72591296395592, 109.85000000000001
DataValue, 0.7400000000000001, 0.001, 2.3104E-06, 0.0018252, 0.10985, 789.993074792244, 109.85000000000001
DataValue, 0.7405, 0.001, 2.3540599999999998E-06, 0.001859, 0.109845, 789.699497888754, 109.845
DataValue, 0.7410000000000001, 0.001, 2.3975399999999997E-06, 0.0018930000000000002, 0.109845, 789.55929828073806, 109.845
DataValue, 0.7415, 0.001, 2.4364599999999996E-06, 0.0019241, 0.109845, 789.71130246341, 109.845
DataValue, 0.742, 0.001, 2.48226E-06, 0.0019597, 0.10985, 789.482165446005, 109.85000000000001
DataValue, 0.7425, 0.001, 2.5277199999999997E-06, 0.001996, 0.10985, 789.64442264174806, 109.85000000000001
DataValue, 0.743, 0.001, 2.5675999999999998E-06, 0.0020278, 0.109845, 789.764760866179, 109.845
DataValue, 0.7435, 0.001, 2.6157599999999998E-06, 0.0020652, 0.10985, 789.521974493073, 109.85000000000001
DataValue, 0.74400000000000011, 0.001, 2.65708E-06, 0.0020975, 0.109845, 789.400394417932, 109.845
DataValue, 0.7445, 0.001, 2.7062799999999997E-06, 0.0021360000000000003, 0.10984000000000001, 789.275315192811, 109.84
DataValue, 0.74500000000000011, 0.001, 2.7559399999999996E-06, 0.0021762, 0.10985, 789.639832507239, 109.85000000000001
DataValue, 0.7455, 0.001, 2.79958E-06, 0.0022094000000000003, 0.109845, 789.189807042485, 109.845
DataValue, 0.746, 0.001, 2.85148E-06, 0.0022499, 0.10984000000000001, 789.028855190989, 109.84
DataValue, 0.7465, 0.001, 2.9036E-06, 0.0022913, 0.10985, 789.12384625981508, 109.85000000000001
DataValue, 0.747, 0.001, 2.94982E-06, 0.0023269000000000002, 0.10985, 788.827792882278, 109.85000000000001
DataValue, 0.7475, 0.001, 3.00386E-06, 0.0023696999999999998, 0.10985, 788.88496800783, 109.85000000000001
DataValue, 0.74800000000000011, 0.001, 3.05856E-06, 0.0024127000000000003, 0.10984000000000001, 788.835268884704, 109.84
DataValue, 0.7485, 0.001, 3.10672E-06, 0.0024503, 0.109845, 788.709635886079, 109.845
DataValue, 0.74900000000000011, 0.001, 3.16278E-06, 0.0024942000000000002, 0.109845, 788.610020298598, 109.845
DataValue, 0.7495, 0.001, 3.2197E-06, 0.0025399, 0.10985, 788.862316364879, 109.85000000000001
DataValue, 0.75, 0.001, 3.26994E-06, 0.0025783, 0.109845, 788.485415634538, 109.845
DataValue, 0.75050000000000006, 0.001, 3.3295199999999998E-06, 0.0026252, 0.10985, 788.462000528605, 109.85000000000001
DataValue, 0.751, 0.001, 3.38972E-06, 0.0026726000000000002, 0.10984000000000001, 788.442703232125, 109.84
DataValue, 0.75150000000000006, 0.001, 3.44108E-06, 0.0027128, 0.109845, 788.357143687447, 109.845
DataValue, 0.752, 0.001, 3.50434E-06, 0.0027618, 0.10985, 788.108459795568, 109.85000000000001
DataValue, 0.75250000000000006, 0.001, 3.5674E-06, 0.0028106, 0.109845, 787.85670236026192, 109.845
DataValue, 0.75300000000000011, 0.001, 3.62198E-06, 0.0028536000000000004, 0.109845, 787.85636585514, 109.845
DataValue, 0.75350000000000006, 0.001, 3.6852999999999997E-06, 0.0029042, 0.10985, 788.049819553361, 109.85000000000001
DataValue, 0.754, 0.001, 3.7524199999999996E-06, 0.002955, 0.109845, 787.491805288321, 109.845
DataValue, 0.75450000000000006, 0.001, 3.81002E-06, 0.0030003000000000004, 0.10984000000000001, 787.47618122739493, 109.84
DataValue, 0.755, 0.001, 3.87744E-06, 0.0030535000000000002, 0.109845, 787.504126433936, 109.845
DataValue, 0.75550000000000006, 0.001, 3.94676E-06, 0.0031074, 0.109845, 787.329353697717, 109.845
DataValue, 0.756, 0.001, 4.0054999999999992E-06, 0.003154, 0.10984000000000001, 787.41730121083492, 109.84
DataValue, 0.75650000000000006, 0.001, 4.0757399999999992E-06, 0.0032091, 0.10985, 787.366220612699, 109.85000000000001
DataValue, 0.75700000000000012, 0.001, 4.148119999999999E-06, 0.0032652000000000002, 0.10984000000000001, 787.151769958439, 109.84
DataValue, 0.75750000000000006, 0.001, 4.2115E-06, 0.0033142000000000002, 0.109845, 786.940520004749, 109.845
DataValue, 0.758, 0.001, 4.28502E-06, 0.003371, 0.109845, 786.694111112667, 109.845
DataValue, 0.75850000000000006, 0.001, 4.34998E-06, 0.0034223, 0.10985, 786.739249375859, 109.85000000000001
DataValue, 0.759, 0.001, 4.4255599999999993E-06, 0.0034807, 0.109845, 786.49933567729306, 109.845
DataValue, 0.75950000000000006, 0.001, 4.50238E-06, 0.0035417, 0.10984000000000001, 786.628405421133, 109.84
DataValue, 0.76, 0.001, 4.57048E-06, 0.0035929000000000004, 0.109845, 786.109992823511, 109.845
DataValue, 0.76050000000000006, 0.001, 4.64864E-06, 0.0036560000000000004, 0.10985, 786.46657947270592, 109.85000000000001
DataValue, 0.76100000000000012, 0.001, 4.73062E-06, 0.0037186, 0.109845, 786.07032482000193, 109.845
DataValue, 0.76150000000000007, 0.001, 4.79954E-06, 0.0037732, 0.10984000000000001, 786.158673539548, 109.84
DataValue, 0.762, 0.001, 4.88206E-06, 0.0038382, 0.10984000000000001, 786.18452046881794, 109.84
DataValue, 0.76250000000000007, 0.001, 4.96654E-06, 0.0039027, 0.109845, 785.798563990223, 109.845
DataValue, 0.763, 0.001, 5.0394599999999995E-06, 0.0039596, 0.10984000000000001, 785.719104824723, 109.84
DataValue, 0.76350000000000007, 0.001, 5.126159999999999E-06, 0.0040268, 0.10984000000000001, 785.539273062097, 109.84
DataValue, 0.764, 0.001, 5.21312E-06, 0.0040942, 0.109835, 785.36461850101307, 109.835
DataValue, 0.7645, 0.001, 5.2883199999999995E-06, 0.0041528, 0.109845, 785.277744160716, 109.845
DataValue, 0.76500000000000012, 0.001, 5.37928E-06, 0.0042231, 0.109845, 785.06789012656, 109.845
DataValue, 0.76550000000000007, 0.001, 5.46962E-06, 0.0042936, 0.10985, 784.99054778942593, 109.85000000000001
DataValue, 0.766, 0.001, 5.5502E-06, 0.0043568, 0.10984000000000001, 784.980721415444, 109.84
DataValue, 0.76650000000000007, 0.001, 5.6429E-06, 0.0044269999999999995, 0.109845, 784.52568714668, 109.845
DataValue, 0.767, 0.001, 5.73766E-06, 0.004502, 0.10985, 784.64042832792506, 109.85000000000001
DataValue, 0.76750000000000007, 0.001, 5.81836E-06, 0.0045645, 0.109845, 784.499412205501, 109.845
DataValue, 0.768, 0.001, 5.91694E-06, 0.0046413, 0.109845, 784.408832944056, 109.845
DataValue, 0.7685, 0.001, 6.01164E-06, 0.0047136, 0.10985, 784.078886959299, 109.85000000000001
DataValue, 0.76900000000000013, 0.001, 6.09616E-06, 0.0047804000000000006, 0.109845, 784.165769927299, 109.845
DataValue, 0.76950000000000007, 0.001, 6.1988399999999993E-06, 0.0048576, 0.10984000000000001, 783.630485703777, 109.84
DataValue, 0.77, 0.001, 6.29982E-06, 0.004937, 0.10984000000000001, 783.673184313203, 109.84
DataValue, 0.77050000000000007, 0.001, 6.38876E-06, 0.0050063000000000009, 0.10985, 783.61059110062, 109.85000000000001
DataValue, 0.771, 0.001, 6.4943E-06, 0.0050867, 0.10984000000000001, 783.256086106278, 109.84
DataValue, 0.77150000000000007, 0.001, 6.58534E-06, 0.0051565000000000005, 0.10985, 783.027148180656, 109.85000000000001
DataValue, 0.772, 0.001, 6.6905E-06, 0.0052403000000000007, 0.109845, 783.244899484344, 109.845
DataValue, 0.7725, 0.001, 6.80018E-06, 0.0053254, 0.109845, 783.126329008938, 109.845
DataValue, 0.77300000000000013, 0.001, 6.8951E-06, 0.0053976, 0.10984000000000001, 782.816782932807, 109.84
DataValue, 0.77350000000000008, 0.001, 7.0061999999999991E-06, 0.005484, 0.109845, 782.73529159887, 109.845
DataValue, 0.774, 0.001, 7.1193799999999994E-06, 0.0055699, 0.109845, 782.357452474794, 109.845
DataValue, 0.77450000000000008, 0.001, 7.21668E-06, 0.0056454000000000009, 0.10984000000000001, 782.27107201649494, 109.84
DataValue, 0.775, 0.001, 7.3357999999999993E-06, 0.0057336999999999996, 0.109845, 781.605278224597, 109.845
DataValue, 0.77550000000000008, 0.001, 7.44948E-06, 0.0058248, 0.109845, 781.90692504711694, 109.845
DataValue, 0.776, 0.001, 7.55116E-06, 0.0059029, 0.10985, 781.72095413155, 109.85000000000001
DataValue, 0.7765, 0.001, 7.6716399999999989E-06, 0.0059959, 0.109845, 781.566913984494, 109.845
DataValue, 0.777, 0.001, 7.79256E-06, 0.0060881999999999993, 0.109845, 781.283685977394, 109.845
DataValue, 0.77750000000000008, 0.001, 7.89762E-06, 0.0061693, 0.109845, 781.15938725844, 109.845
DataValue, 0.778, 0.001, 8.0201E-06, 0.0062645999999999995, 0.109845, 781.112454956921, 109.845
DataValue, 0.77850000000000008, 0.001, 8.14666E-06, 0.0063616, 0.10984000000000001, 780.884436075643, 109.84
DataValue, 0.779, 0.001, 8.25454E-06, 0.0064455, 0.109845, 780.843026988784, 109.845
DataValue, 0.77950000000000008, 0.001, 8.38156E-06, 0.0065443, 0.109845, 780.797369463441, 109.845
DataValue, 0.78, 0.001, 8.51124E-06, 0.006641, 0.109845, 780.26233545288392, 109.845
DataValue, 0.7805, 0.001, 8.6241E-06, 0.0067287, 0.109835, 780.220544752496, 109.835
DataValue, 0.781, 0.001, 8.75788E-06, 0.0068304, 0.109845, 779.914773895052, 109.845
DataValue, 0.78150000000000008, 0.001, 8.89216E-06, 0.006934, 0.109835, 779.788038002015, 109.835
DataValue, 0.782, 0.001, 9.00854E-06, 0.0070224000000000007, 0.109845, 779.526982174692, 109.845
DataValue, 0.78250000000000008, 0.001, 9.14754E-06, 0.0071279, 0.10984000000000001, 779.214958338526, 109.84
DataValue, 0.783, 0.001, 9.2840799999999984E-06, 0.0072336, 0.10985, 779.140205599262, 109.85000000000001
DataValue, 0.78350000000000009, 0.001, 9.4036199999999989E-06, 0.0073252, 0.109845, 778.97660688118, 109.845
DataValue, 0.784, 0.001, 9.54616E-06, 0.007433, 0.10985, 778.63769306192194, 109.85000000000001
DataValue, 0.7845, 0.001, 9.68878E-06, 0.0075439999999999995, 0.109845, 778.63260389853, 109.845
DataValue, 0.785, 0.001, 9.814360000000001E-06, 0.0076389, 0.109835, 778.339086807494, 109.835
DataValue, 0.78550000000000009, 0.001, 9.9592399999999989E-06, 0.0077505, 0.109845, 778.222033006535, 109.845
DataValue, 0.786, 0.001, 1.008478E-05, 0.007846800000000001, 0.109845, 778.083408859688, 109.845
DataValue, 0.78650000000000009, 0.001, 1.023598E-05, 0.0079617, 0.10984000000000001, 777.815118825945, 109.84
DataValue, 0.787, 0.001, 1.038578E-05, 0.0080736, 0.109845, 777.370597104888, 109.845
DataValue, 0.78750000000000009, 0.001, 1.051686E-05, 0.0081744, 0.109835, 777.266218243848, 109.835
DataValue, 0.788, 0.001, 1.0671860000000001E-05, 0.008292299999999999, 0.10984000000000001, 777.02481104512208, 109.84
DataValue, 0.7885, 0.001, 1.082514E-05, 0.008408500000000001, 0.109845, 776.756697834855, 109.845
DataValue, 0.789, 0.001, 1.0959920000000001E-05, 0.0085126, 0.109845, 776.702749655107, 109.845
DataValue, 0.7895, 0.001, 1.1120080000000003E-05, 0.0086319, 0.10985, 776.244415507802, 109.85000000000001
DataValue, 0.79, 0.001, 1.1280980000000001E-05, 0.0087545, 0.109845, 776.040734049701, 109.845
DataValue, 0.79050000000000009, 0.001, 1.141662E-05, 0.008857, 0.10984000000000001, 775.798791586301, 109.84
DataValue, 0.791, 0.001, 1.1582E-05, 0.0089841, 0.109845, 775.695044033846, 109.845
DataValue, 0.79150000000000009, 0.001, 1.1743E-05, 0.009109299999999999, 0.109845, 775.721706548582, 109.845
DataValue, 0.792, 0.001, 1.1887000000000002E-05, 0.0092161000000000014, 0.10984000000000001, 775.309161268613, 109.84
DataValue, 0.7925, 0.001, 1.2058E-05, 0.0093443, 0.10985, 774.946093879582, 109.85000000000001
DataValue, 0.793, 0.001, 1.2226E-05, 0.0094717, 0.109835, 774.717814493702, 109.835
DataValue, 0.7935, 0.001, 1.2371000000000002E-05, 0.0095818, 0.109845, 774.53722415326206, 109.845
DataValue, 0.794, 0.001, 1.2544E-05, 0.0097129, 0.10984000000000001, 774.30644132653106, 109.84
DataValue, 0.7945000000000001, 0.001, 1.2717000000000002E-05, 0.0098446, 0.109835, 774.12911850279193, 109.835
DataValue, 0.795, 0.001, 1.2871000000000001E-05, 0.0099585, 0.10984000000000001, 773.716105974672, 109.84
DataValue, 0.7955000000000001, 0.001, 1.3044E-05, 0.0100951, 0.10984000000000001, 773.926709598283, 109.84
DataValue, 0.796, 0.001, 1.3226000000000002E-05, 0.0102283, 0.10984000000000001, 773.34795100559506, 109.84
DataValue, 0.7965, 0.001, 1.3378000000000001E-05, 0.0103471, 0.109835, 773.441471071909, 109.835
DataValue, 0.797, 0.001, 1.3561000000000001E-05, 0.0104812, 0.109845, 772.892854509254, 109.845
DataValue, 0.7975, 0.001, 1.3745000000000001E-05, 0.0106209, 0.109835, 772.710076391415, 109.835
DataValue, 0.798, 0.001, 1.3903000000000002E-05, 0.010742, 0.10984000000000001, 772.63899877724191, 109.84
DataValue, 0.7985000000000001, 0.001, 1.4087000000000003E-05, 0.0108805, 0.10984000000000001, 772.378788954355, 109.84
DataValue, 0.799, 0.001, 1.4248000000000002E-05, 0.0110028, 0.109835, 772.234699606962, 109.835
DataValue, 0.7995000000000001, 0.001, 1.4442E-05, 0.0111486, 0.109835, 771.956792687993, 109.835
DataValue, 0.8, 0.001, 1.4633000000000002E-05, 0.0112904, 0.109845, 771.571106403335, 109.845