VCE ,leafValue( DP3_IB2 "T" 20 ) (A),leafValue( DP3_IB2 "T" 22 ) (A),leafValue( DP3_IB2 "T" 24 ) (A),leafValue( DP3_IB2 "T" 26 ) (A),leafValue( DP3_IB2 "T" 28 ) (A),leafValue( DP3_IB2 "T" 30 ) (A),leafValue( DP3_IC2 "T" 20 ) (A),leafValue( DP3_IC2 "T" 22 ) (A),leafValue( DP3_IC2 "T" 24 ) (A),leafValue( DP3_IC2 "T" 26 ) (A),leafValue( DP3_IC2 "T" 28 ) (A),leafValue( DP3_IC2 "T" 30 ) (A),leafValue( B2_DP3 "T" 20 ),leafValue( B2_DP3 "T" 22 ),leafValue( B2_DP3 "T" 24 ),leafValue( B2_DP3 "T" 26 ),leafValue( B2_DP3 "T" 28 ),leafValue( B2_DP3 "T" 30 )
0.00000,0.00000,0.00000,0.00000,0.00000,0.00000,0.00000,0.00000,0.00000,0.00000,0.00000,0.00000,0.00000,-nan,-nan,-nan,-nan,-nan,-nan
5.00000E-3,402.195E-15,400.293E-15,400.342E-15,400.398E-15,400.462E-15,400.536E-15,3.79234E-12,273.020E-15,298.745E-15,333.012E-15,378.485E-15,438.607E-15,9.42909,682.050E-3,746.225E-3,831.703E-3,945.122E-3,1.09505
10.0000E-3,804.557E-15,800.616E-15,800.717E-15,800.834E-15,800.968E-15,801.122E-15,7.02199E-12,533.633E-15,580.813E-15,643.693E-15,727.184E-15,837.629E-15,8.72778,666.529E-3,725.366E-3,803.779E-3,907.881E-3,1.04557
15.0000E-3,1.20711E-12,1.20097E-12,1.20113E-12,1.20131E-12,1.20152E-12,1.20176E-12,9.77779E-12,783.971E-15,849.051E-15,935.832E-15,1.05112E-12,1.20370E-12,8.10019,652.782E-3,706.877E-3,779.008E-3,874.820E-3,1.00161
20.0000E-3,1.60987E-12,1.60136E-12,1.60158E-12,1.60184E-12,1.60213E-12,1.60247E-12,12.1347E-12,1.02580E-12,1.10583E-12,1.21258E-12,1.35447E-12,1.54235E-12,7.53768,640.583E-3,690.458E-3,756.994E-3,845.418E-3,962.483E-3
25.0000E-3,2.01286E-12,2.00179E-12,2.00208E-12,2.00242E-12,2.00280E-12,2.00324E-12,14.1559E-12,1.26060E-12,1.35311E-12,1.47657E-12,1.64074E-12,1.85821E-12,7.03270,629.737E-3,675.850E-3,737.395E-3,819.221E-3,927.599E-3
30.0000E-3,2.41613E-12,2.40227E-12,2.40263E-12,2.40306E-12,2.40354E-12,2.40409E-12,15.8948E-12,1.48959E-12,1.59254E-12,1.72999E-12,1.91283E-12,2.15513E-12,6.57865,620.078E-3,662.830E-3,719.914E-3,795.840E-3,896.442E-3
35.0000E-3,2.81968E-12,2.80279E-12,2.80324E-12,2.80376E-12,2.80435E-12,2.80503E-12,17.3967E-12,1.71379E-12,1.82549E-12,1.97468E-12,2.17319E-12,2.43635E-12,6.16974,611.460E-3,651.206E-3,704.296E-3,774.935E-3,868.566E-3
40.0000E-3,3.22355E-12,3.20336E-12,3.20391E-12,3.20453E-12,3.20524E-12,3.20605E-12,18.6996E-12,1.93405E-12,2.05310E-12,2.21215E-12,2.42385E-12,2.70458E-12,5.80093,603.757E-3,640.810E-3,690.319E-3,756.214E-3,843.586E-3
45.0000E-3,3.62778E-12,3.60400E-12,3.60464E-12,3.60538E-12,3.60622E-12,3.60718E-12,19.8360E-12,2.15109E-12,2.27632E-12,2.44369E-12,2.66653E-12,2.96210E-12,5.46780,596.862E-3,631.498E-3,677.791E-3,739.424E-3,821.167E-3
50.0000E-3,4.03240E-12,4.00470E-12,4.00545E-12,4.00632E-12,4.00730E-12,4.00842E-12,20.8333E-12,2.36551E-12,2.49598E-12,2.67040E-12,2.90267E-12,3.21082E-12,5.16647,590.682E-3,623.146E-3,666.548E-3,724.345E-3,801.019E-3
55.0000E-3,4.43745E-12,4.40547E-12,4.40635E-12,4.40735E-12,4.40849E-12,4.40979E-12,21.7150E-12,2.57781E-12,2.71276E-12,2.89318E-12,3.13349E-12,3.45238E-12,4.89357,585.137E-3,615.647E-3,656.445E-3,710.787E-3,782.891E-3
60.0000E-3,4.84297E-12,4.80633E-12,4.80733E-12,4.80848E-12,4.80980E-12,4.81129E-12,22.5011E-12,2.78843E-12,2.92723E-12,3.11282E-12,3.36005E-12,3.68817E-12,4.64614,580.158E-3,608.908E-3,647.360E-3,698.586E-3,766.566E-3
65.0000E-3,5.24901E-12,5.20727E-12,5.20842E-12,5.20974E-12,5.21124E-12,5.21295E-12,23.2089E-12,2.99775E-12,3.13990E-12,3.33000E-12,3.58325E-12,3.91939E-12,4.42158,575.685E-3,602.851E-3,639.187E-3,687.601E-3,751.857E-3
70.0000E-3,5.65561E-12,5.60831E-12,5.60962E-12,5.61112E-12,5.61282E-12,5.61477E-12,23.8534E-12,3.20609E-12,3.35122E-12,3.54531E-12,3.80388E-12,4.14709E-12,4.21765,571.668E-3,597.406E-3,631.836E-3,677.712E-3,738.604E-3
75.0000E-3,6.06285E-12,6.00945E-12,6.01094E-12,6.01264E-12,6.01457E-12,6.01677E-12,24.4477E-12,3.41377E-12,3.56159E-12,3.75927E-12,4.02264E-12,4.37220E-12,4.03238,568.066E-3,592.518E-3,625.229E-3,668.815E-3,726.669E-3
80.0000E-3,6.47076E-12,6.41072E-12,6.41240E-12,6.41431E-12,6.41650E-12,6.41898E-12,25.0035E-12,3.62104E-12,3.77138E-12,3.97239E-12,4.24017E-12,4.59558E-12,3.86407,564.842E-3,588.138E-3,619.301E-3,660.824E-3,715.937E-3
85.0000E-3,6.87943E-12,6.81212E-12,6.81401E-12,6.81616E-12,6.81862E-12,6.82141E-12,25.5314E-12,3.82818E-12,3.98092E-12,4.18512E-12,4.45710E-12,4.81802E-12,3.71127,561.967E-3,584.226E-3,613.999E-3,653.666E-3,706.310E-3
90.0000E-3,7.28893E-12,7.21366E-12,7.21578E-12,7.21820E-12,7.22095E-12,7.22408E-12,26.0412E-12,4.03545E-12,4.19057E-12,4.39790E-12,4.67399E-12,5.04030E-12,3.57271,559.418E-3,580.751E-3,609.280E-3,647.282E-3,697.708E-3
95.0000E-3,7.69933E-12,7.61536E-12,7.61773E-12,7.62044E-12,7.62352E-12,7.62702E-12,26.5422E-12,4.24310E-12,4.40067E-12,4.61120E-12,4.89145E-12,5.26317E-12,3.44735,557.177E-3,577.687E-3,605.109E-3,641.626E-3,690.069E-3
100.000E-3,8.11072E-12,8.01723E-12,8.01989E-12,8.02292E-12,8.02636E-12,8.03026E-12,27.0436E-12,4.45142E-12,4.61158E-12,4.82548E-12,5.11009E-12,5.48744E-12,3.33430,555.232E-3,575.018E-3,601.462E-3,636.664E-3,683.346E-3
105.000E-3,8.52321E-12,8.41930E-12,8.42227E-12,8.42564E-12,8.42948E-12,8.43383E-12,27.5544E-12,4.66072E-12,4.82371E-12,5.04126E-12,5.33057E-12,5.71395E-12,3.23287,553.576E-3,572.733E-3,598.323E-3,632.372E-3,677.504E-3
110.000E-3,8.93689E-12,8.82159E-12,8.82489E-12,8.82865E-12,8.83292E-12,8.83775E-12,28.0843E-12,4.87134E-12,5.03750E-12,5.25911E-12,5.55361E-12,5.94363E-12,3.14251,552.207E-3,570.829E-3,595.686E-3,628.740E-3,672.527E-3
115.000E-3,9.35189E-12,9.22411E-12,9.22778E-12,9.23196E-12,9.23670E-12,9.24208E-12,28.6433E-12,5.08368E-12,5.25345E-12,5.47966E-12,5.78004E-12,6.17752E-12,3.06283,551.130E-3,569.308E-3,593.554E-3,625.769E-3,668.412E-3
120.000E-3,9.76834E-12,9.62689E-12,9.63098E-12,9.63562E-12,9.64088E-12,9.64684E-12,29.2424E-12,5.29820E-12,5.47215E-12,5.70368E-12,6.01080E-12,6.41682E-12,2.99359,550.354E-3,568.182E-3,591.937E-3,623.471E-3,665.173E-3
125.000E-3,10.1864E-12,10.0300E-12,10.0345E-12,10.0396E-12,10.0455E-12,10.0521E-12,29.8942E-12,5.51543E-12,5.69428E-12,5.93203E-12,6.24700E-12,6.66292E-12,2.93473,549.895E-3,567.471E-3,590.860E-3,621.872E-3,662.839E-3
130.000E-3,10.6062E-12,10.4334E-12,10.4384E-12,10.4441E-12,10.4505E-12,10.4579E-12,30.6126E-12,5.73603E-12,5.92067E-12,6.16574E-12,6.48994E-12,6.91745E-12,2.88631,549.778E-3,567.202E-3,590.357E-3,621.014E-3,661.459E-3
135.000E-3,11.0279E-12,10.8371E-12,10.8427E-12,10.8490E-12,10.8561E-12,10.8642E-12,31.4138E-12,5.96076E-12,6.15229E-12,6.40604E-12,6.74115E-12,7.18235E-12,2.84859,550.033E-3,567.415E-3,590.473E-3,620.953E-3,661.101E-3
140.000E-3,11.4517E-12,11.2412E-12,11.2474E-12,11.2544E-12,11.2623E-12,11.2712E-12,32.3165E-12,6.19056E-12,6.39031E-12,6.65439E-12,7.00248E-12,7.45992E-12,2.82199,550.701E-3,568.159E-3,591.271E-3,621.764E-3,661.854E-3
145.000E-3,11.8778E-12,11.6458E-12,11.6526E-12,11.6603E-12,11.6691E-12,11.6790E-12,33.3428E-12,6.42653E-12,6.63612E-12,6.91258E-12,7.27615E-12,7.75291E-12,2.80714,551.832E-3,569.497E-3,592.828E-3,623.541E-3,663.836E-3
150.000E-3,12.3066E-12,12.0508E-12,12.0584E-12,12.0669E-12,12.0766E-12,12.0875E-12,34.5184E-12,6.67003E-12,6.89144E-12,7.18270E-12,7.56479E-12,8.06464E-12,2.80488,553.491E-3,571.506E-3,595.240E-3,626.403E-3,667.190E-3
155.000E-3,12.7381E-12,12.4564E-12,12.4647E-12,12.4742E-12,12.4848E-12,12.4968E-12,35.8738E-12,6.92268E-12,7.15830E-12,7.46734E-12,7.87161E-12,8.39906E-12,2.81626,555.753E-3,574.284E-3,598.625E-3,630.495E-3,672.094E-3
160.000E-3,13.1728E-12,12.8626E-12,12.8717E-12,12.8821E-12,12.8939E-12,12.9072E-12,37.4454E-12,7.18647E-12,7.43917E-12,7.76957E-12,8.20046E-12,8.76097E-12,2.84263,558.712E-3,577.946E-3,603.127E-3,635.995E-3,678.767E-3
165.000E-3,13.6109E-12,13.2693E-12,13.2795E-12,13.2910E-12,13.3039E-12,13.3186E-12,39.2759E-12,7.46377E-12,7.73705E-12,8.09313E-12,8.55596E-12,9.15612E-12,2.88563,562.482E-3,582.632E-3,608.919E-3,643.115E-3,687.470E-3
170.000E-3,14.0528E-12,13.6768E-12,13.6880E-12,13.7007E-12,13.7150E-12,13.7311E-12,41.4166E-12,7.75750E-12,8.05557E-12,8.44253E-12,8.94374E-12,9.59145E-12,2.94721,567.200E-3,588.511E-3,616.211E-3,652.114E-3,698.518E-3
175.000E-3,14.4989E-12,14.0851E-12,14.0975E-12,14.1114E-12,14.1272E-12,14.1450E-12,43.9282E-12,8.07117E-12,8.39910E-12,8.82322E-12,9.37055E-12,10.0753E-12,3.02976,573.028E-3,595.787E-3,625.253E-3,663.298E-3,712.290E-3
180.000E-3,14.9497E-12,14.4943E-12,14.5079E-12,14.5233E-12,14.5407E-12,14.5603E-12,46.8833E-12,8.40903E-12,8.77295E-12,9.24181E-12,9.84458E-12,10.6179E-12,3.13607,580.162E-3,604.702E-3,636.344E-3,677.037E-3,729.235E-3
185.000E-3,15.4056E-12,14.9044E-12,14.9194E-12,14.9364E-12,14.9555E-12,14.9771E-12,50.3680E-12,8.77668E-12,9.18357E-12,9.70628E-12,10.3757E-12,11.2312E-12,3.26946,588.866E-3,615.545E-3,649.841E-3,693.769E-3,749.892E-3
190.000E-3,15.8672E-12,15.3156E-12,15.3321E-12,15.3508E-12,15.3719E-12,15.3957E-12,54.4855E-12,9.17949E-12,9.63924E-12,10.2270E-12,10.9768E-12,11.9315E-12,3.43384,599.357E-3,628.695E-3,666.216E-3,714.081E-3,774.989E-3
195.000E-3,16.3352E-12,15.7279E-12,15.7462E-12,15.7668E-12,15.7901E-12,15.8162E-12,59.3585E-12,9.62556E-12,10.1483E-12,10.8141E-12,11.6602E-12,12.7335E-12,3.63379,612.005E-3,644.495E-3,685.877E-3,738.453E-3,805.088E-3
200.000E-3,16.8102E-12,16.1416E-12,16.1617E-12,16.1844E-12,16.2100E-12,16.2389E-12,65.1336E-12,10.1241E-12,10.7229E-12,11.4826E-12,12.4445E-12,13.6601E-12,3.87466,627.208E-3,663.474E-3,709.482E-3,767.703E-3,841.200E-3
205.000E-3,17.2930E-12,16.5567E-12,16.5789E-12,16.6039E-12,16.6321E-12,16.6639E-12,72.0060E-12,10.6864E-12,11.3767E-12,12.2495E-12,13.3508E-12,14.7374E-12,4.16389,645.442E-3,686.219E-3,737.750E-3,802.709E-3,884.392E-3
210.000E-3,17.7844E-12,16.9734E-12,16.9979E-12,17.0255E-12,17.0565E-12,17.0915E-12,80.1399E-12,11.3259E-12,12.1267E-12,13.1357E-12,14.4044E-12,15.9965E-12,4.50618,667.274E-3,713.426E-3,771.534E-3,844.510E-3,935.931E-3
215.000E-3,18.2856E-12,17.3919E-12,17.4188E-12,17.4493E-12,17.4835E-12,17.5221E-12,89.8086E-12,12.0592E-12,12.9932E-12,14.1662E-12,15.6363E-12,17.4750E-12,4.91143,693.382E-3,745.925E-3,811.848E-3,894.343E-3,997.316E-3
220.000E-3,18.7976E-12,17.8123E-12,17.8421E-12,17.8756E-12,17.9134E-12,17.9558E-12,101.309E-12,12.9063E-12,14.0007E-12,15.3712E-12,17.0835E-12,19.2186E-12,5.38944,724.570E-3,784.703E-3,859.897E-3,953.673E-3,1.07032
225.000E-3,19.3217E-12,18.2349E-12,18.2678E-12,18.3047E-12,18.3464E-12,18.3932E-12,114.995E-12,13.8914E-12,15.1793E-12,16.7875E-12,18.7910E-12,21.2819E-12,5.95158,761.798E-3,830.935E-3,917.111E-3,1.02424,1.15706
230.000E-3,19.8593E-12,18.6600E-12,18.6962E-12,18.7370E-12,18.7829E-12,18.8345E-12,131.289E-12,15.0439E-12,16.5651E-12,18.4595E-12,20.8132E-12,23.7314E-12,6.61097,806.212E-3,886.017E-3,985.190E-3,1.10810,1.26000
235.000E-3,20.4121E-12,19.0878E-12,19.1277E-12,19.1727E-12,19.2233E-12,19.2802E-12,150.697E-12,16.3997E-12,18.2021E-12,20.4410E-12,23.2157E-12,26.6471E-12,7.38274,859.173E-3,951.609E-3,1.06615,1.20769,1.38210
240.000E-3,20.9819E-12,19.5185E-12,19.5626E-12,19.6122E-12,19.6680E-12,19.7309E-12,173.820E-12,18.0020E-12,20.1433E-12,22.7970E-12,26.0779E-12,30.1256E-12,8.28431,922.305E-3,1.02969,1.16239,1.32590,1.52683
245.000E-3,21.5708E-12,19.9526E-12,20.0012E-12,20.0560E-12,20.1177E-12,20.1870E-12,201.378E-12,19.9035E-12,22.4533E-12,25.6062E-12,29.4958E-12,34.2834E-12,9.33567,997.539E-3,1.12260,1.27673,1.46617,1.69829
250.000E-3,22.1812E-12,20.3904E-12,20.4441E-12,20.5046E-12,20.5727E-12,20.6492E-12,234.227E-12,22.1680E-12,25.2101E-12,28.9640E-12,33.5853E-12,39.2615E-12,10.5597,1.08717,1.23312,1.41256,1.63252,1.90135
255.000E-3,22.8159E-12,20.8324E-12,20.8917E-12,20.9585E-12,21.0337E-12,21.1183E-12,273.391E-12,24.8728E-12,28.5083E-12,32.9857E-12,38.4867E-12,45.2296E-12,11.9825,1.19395,1.36458,1.57386,1.82976,2.14173
260.000E-3,23.4781E-12,21.2789E-12,21.3445E-12,21.4184E-12,21.5015E-12,21.5950E-12,320.092E-12,28.1120E-12,32.4627E-12,37.8108E-12,44.3692E-12,52.3932E-12,13.6337,1.32112,1.52089,1.76534,2.06354,2.42617
265.000E-3,24.1713E-12,21.7307E-12,21.8032E-12,21.8848E-12,21.9768E-12,22.0803E-12,375.788E-12,31.9994E-12,37.2120E-12,43.6082E-12,51.4379E-12,60.9997E-12,15.5469,1.47255,1.70673,1.99262,2.34055,2.76263
270.000E-3,24.8998E-12,22.1881E-12,22.2684E-12,22.3587E-12,22.4605E-12,22.5751E-12,442.218E-12,36.6736E-12,42.9248E-12,50.5824E-12,59.9401E-12,71.3483E-12,17.7599,1.65285,1.92761,2.26231,2.66869,3.16048
275.000E-3,25.6683E-12,22.6521E-12,22.7409E-12,22.8410E-12,22.9537E-12,23.0807E-12,521.459E-12,42.3021E-12,49.8049E-12,58.9807E-12,70.1752E-12,83.8000E-12,20.3153,1.86747,2.19010,2.58223,3.05724,3.63073
280.000E-3,26.4824E-12,23.1232E-12,23.2216E-12,23.3325E-12,23.4576E-12,23.5984E-12,615.989E-12,49.0886E-12,58.0997E-12,69.1026E-12,82.5047E-12,98.7905E-12,23.2604,2.12291,2.50196,2.96164,3.51719,4.18632
285.000E-3,27.3484E-12,23.6025E-12,23.7116E-12,23.8346E-12,23.9733E-12,24.1297E-12,728.765E-12,57.2802E-12,68.1086E-12,81.3102E-12,97.3659E-12,116.846E-12,26.6475,2.42687,2.87238,3.41144,4.06143,4.84242
290.000E-3,28.2738E-12,24.0908E-12,24.2119E-12,24.3485E-12,24.5026E-12,24.6763E-12,863.316E-12,67.1766E-12,80.1947E-12,96.0423E-12,115.287E-12,138.602E-12,30.5341,2.78847,3.31220,3.94449,4.70511,5.61679
295.000E-3,29.2672E-12,24.5894E-12,24.7239E-12,24.8757E-12,25.0470E-12,25.2403E-12,1.02385E-9,79.1413E-12,94.7978E-12,113.829E-12,136.907E-12,164.824E-12,34.9830,3.21851,3.83426,4.57594,5.46601,6.53020
300.000E-3,30.3385E-12,25.0995E-12,25.2490E-12,25.4178E-12,25.6085E-12,25.8239E-12,1.21541E-9,93.6157E-12,112.451E-12,135.314E-12,162.998E-12,196.439E-12,40.0615,3.72978,4.45368,5.32357,6.36497,7.60688
305.000E-3,31.4995E-12,25.6226E-12,25.7890E-12,25.9770E-12,26.1895E-12,26.4298E-12,1.44397E-9,111.135E-12,133.800E-12,161.273E-12,194.492E-12,234.564E-12,45.8411,4.33738,5.18825,6.20828,7.42632,8.87501
310.000E-3,32.7635E-12,26.1604E-12,26.3458E-12,26.5554E-12,26.7926E-12,27.0609E-12,1.71670E-9,132.349E-12,159.627E-12,192.647E-12,232.518E-12,280.548E-12,52.3968,5.05912,6.05893,7.25451,8.67844,10.3673
315.000E-3,34.1466E-12,26.7149E-12,26.9217E-12,27.1557E-12,27.4207E-12,27.7207E-12,2.04215E-9,158.045E-12,190.882E-12,230.574E-12,278.438E-12,336.020E-12,59.8055,5.91601,7.09027,8.49082,10.1543,12.1216
320.000E-3,35.6670E-12,27.2882E-12,27.5192E-12,27.7808E-12,28.0773E-12,28.4134E-12,2.43051E-9,189.181E-12,228.712E-12,276.433E-12,333.901E-12,402.945E-12,68.1446,6.93269,8.31102,9.95051,11.8922,14.1815
325.000E-3,37.3466E-12,27.8830E-12,28.1413E-12,28.4342E-12,28.7665E-12,29.1436E-12,2.89395E-9,226.915E-12,274.511E-12,331.891E-12,400.899E-12,483.697E-12,77.4892,8.13813,9.75475,11.6722,13.9363,16.5970
330.000E-3,39.2105E-12,28.5021E-12,28.7915E-12,29.1199E-12,29.4929E-12,29.9166E-12,3.44699E-9,272.656E-12,329.966E-12,398.965E-12,481.837E-12,581.141E-12,87.9099,9.56617,11.4605,13.7007,16.3374,19.4253
335.000E-3,41.2887E-12,29.1491E-12,29.4738E-12,29.8427E-12,30.2620E-12,30.7390E-12,4.10696E-9,328.111E-12,397.122E-12,480.097E-12,579.627E-12,698.736E-12,99.4695,11.2563,13.4737,16.0876,19.1536,22.7312
340.000E-3,43.6160E-12,29.8280E-12,30.1928E-12,30.6078E-12,31.0801E-12,31.6180E-12,4.89455E-9,395.354E-12,478.456E-12,578.244E-12,697.784E-12,840.657E-12,112.219,13.2545,15.8467,18.8920,22.4512,26.5879
345.000E-3,46.2335E-12,30.5433E-12,30.9539E-12,31.4216E-12,31.9546E-12,32.5624E-12,5.83443E-9,476.897E-12,576.970E-12,696.980E-12,840.561E-12,1.01195E-9,126.195,15.6138,18.6396,22.1815,26.3048,31.0772
350.000E-3,49.1898E-12,31.3005E-12,31.7636E-12,32.2916E-12,32.8942E-12,33.5821E-12,6.95606E-9,575.792E-12,696.304E-12,840.636E-12,1.01309E-9,1.21869E-9,141.413,18.3956,21.9215,26.0326,30.7986,36.2898
355.000E-3,52.5417E-12,32.1060E-12,32.6291E-12,33.2264E-12,33.9089E-12,34.6893E-12,8.29460E-9,695.739E-12,840.864E-12,1.01445E-9,1.22159E-9,1.46823E-9,157.867,21.6701,25.7704,30.5314,36.0258,42.3252
360.000E-3,56.3566E-12,32.9670E-12,33.5591E-12,34.2361E-12,35.0108E-12,35.8977E-12,9.89200E-9,841.230E-12,1.01599E-9,1.22476E-9,1.47357E-9,1.76944E-9,175.525,25.5174,30.2747,35.7739,42.0890,49.2911
365.000E-3,60.7139E-12,33.8923E-12,34.5639E-12,35.3328E-12,36.2138E-12,37.2239E-12,11.7983E-9,1.01771E-9,1.22816E-9,1.47924E-9,1.77809E-9,2.13302E-9,194.327,30.0279,35.5332,41.8659,49.0999,57.3025
370.000E-3,65.7074E-12,34.8921E-12,35.6553E-12,36.5304E-12,37.5345E-12,38.6873E-12,14.0733E-9,1.23180E-9,1.48522E-9,1.78717E-9,2.14613E-9,2.57190E-9,214.182,35.3031,41.6550,48.9228,57.1775,66.4793
375.000E-3,71.4481E-12,35.9784E-12,36.8476E-12,37.8456E-12,38.9924E-12,40.3108E-12,16.7883E-9,1.49151E-9,1.79667E-9,2.15980E-9,2.59093E-9,3.10169E-9,234.972,41.4558,48.7594,57.0685,66.4471,76.9443
380.000E-3,78.0673E-12,37.1653E-12,38.1574E-12,39.2981E-12,40.6106E-12,42.1216E-12,20.0284E-9,1.80658E-9,2.17402E-9,2.61071E-9,3.12853E-9,3.74121E-9,256.553,48.6092,56.9751,66.4335,77.0373,88.8192
385.000E-3,85.7204E-12,38.4697E-12,39.6044E-12,40.9110E-12,42.4165E-12,44.1519E-12,23.8950E-9,2.18880E-9,2.63124E-9,3.15637E-9,3.77828E-9,4.51321E-9,278.756,56.8969,66.4379,77.1521,89.0759,102.220
390.000E-3,94.5915E-12,39.9114E-12,41.2121E-12,42.7120E-12,44.4424E-12,46.4399E-12,28.5096E-9,2.65252E-9,3.18523E-9,3.81670E-9,4.56360E-9,5.44513E-9,301.397,66.4603,77.2885,89.3589,102.686,117.251
395.000E-3,104.899E-12,41.5139E-12,43.0083E-12,44.7337E-12,46.7271E-12,49.0308E-12,34.0166E-9,3.21511E-9,3.85648E-9,4.61579E-9,5.51278E-9,6.57012E-9,324.279,77.4467,89.6683,103.184,117.978,134.000
400.000E-3,116.902E-12,43.3053E-12,45.0259E-12,47.0152E-12,49.3162E-12,51.9788E-12,40.5886E-9,3.89767E-9,4.66983E-9,5.58283E-9,6.66001E-9,7.92818E-9,347.203,90.0044,103.714,118.745,135.047,152.527
405.000E-3,130.907E-12,45.3188E-12,47.3042E-12,49.6027E-12,52.2645E-12,55.3480E-12,48.4318E-9,4.72577E-9,5.65536E-9,6.75310E-9,8.04662E-9,9.56761E-9,369.971,104.278,119.553,136.144,153.960,172.863
410.000E-3,147.279E-12,47.5943E-12,49.8903E-12,52.5515E-12,55.6370E-12,59.2151E-12,57.7918E-9,5.73046E-9,6.84953E-9,8.16934E-9,9.72258E-9,11.5467E-9,392.397,120.402,137.292,155.454,174.750,194.996
415.000E-3,166.451E-12,50.1790E-12,52.8399E-12,55.9276E-12,59.5114E-12,63.6715E-12,68.9621E-9,6.94942E-9,8.29652E-9,9.88325E-9,11.7483E-9,13.9358E-9,414.308,138.493,157.012,176.715,197.412,218.871
420.000E-3,188.939E-12,53.1296E-12,56.2199E-12,59.8099E-12,63.9807E-12,68.8265E-12,82.2928E-9,8.42834E-9,10.0499E-9,11.9574E-9,14.1967E-9,16.8200E-9,435.553,158.637,178.760,199.923,221.890,244.382
425.000E-3,215.352E-12,56.5140E-12,60.1105E-12,64.2926E-12,69.1558E-12,74.8106E-12,98.2017E-9,10.2227E-9,12.1744E-9,14.4675E-9,17.1560E-9,20.3017E-9,456.005,180.887,202.534,225.026,248.078,271.374
430.000E-3,246.420E-12,60.4132E-12,64.6072E-12,69.4886E-12,75.1696E-12,81.7801E-12,117.187E-9,12.3997E-9,14.7488E-9,17.5052E-9,20.7329E-9,24.5048E-9,475.560,205.248,228.284,251.915,275.815,299.642
435.000E-3,283.005E-12,64.9247E-12,69.8251E-12,75.5333E-12,82.1814E-12,89.9220E-12,139.845E-9,15.0410E-9,17.8682E-9,21.1814E-9,25.0563E-9,29.5787E-9,494.143,231.669,255.900,280.425,304.890,328.938
440.000E-3,326.138E-12,70.1652E-12,75.9018E-12,82.5890E-12,90.3820E-12,99.4605E-12,166.885E-9,18.2457E-9,21.6481E-9,25.6304E-9,30.2818E-9,35.7040E-9,511.699,260.039,285.212,310.337,335.043,358.977
445.000E-3,377.042E-12,76.2751E-12,83.0028E-12,90.8503E-12,100.000E-12,110.664E-12,199.154E-9,22.1339E-9,26.2284E-9,31.0145E-9,36.5979E-9,43.0984E-9,528.200,290.185,315.994,341.380,365.977,389.452
450.000E-3,437.175E-12,83.4233E-12,91.3271E-12,100.551E-12,111.311E-12,123.856E-12,237.664E-9,26.8514E-9,31.7784E-9,37.5303E-9,44.2320E-9,52.0249E-9,543.635,321.870,347.962,373.245,397.372,420.044
455.000E-3,508.271E-12,91.8126E-12,101.114E-12,111.973E-12,124.645E-12,139.422E-12,283.622E-9,32.5751E-9,38.5035E-9,45.4158E-9,53.4593E-9,62.8010E-9,558.012,354.800,380.794,405.595,428.892,450.438
460.000E-3,592.396E-12,101.688E-12,112.650E-12,125.454E-12,140.398E-12,157.828E-12,338.467E-9,39.5196E-9,46.6525E-9,54.9587E-9,64.6122E-9,75.8098E-9,571.353,388.636,414.135,438.078,460.206,480.333
465.000E-3,692.010E-12,113.343E-12,126.284E-12,141.401E-12,159.048E-12,179.631E-12,403.920E-9,47.9452E-9,56.5269E-9,66.5076E-9,78.0926E-9,91.5140E-9,583.692,423.009,447.618,470.347,491.000,509.456
470.000E-3,810.043E-12,127.135E-12,142.431E-12,160.304E-12,181.168E-12,205.503E-12,482.032E-9,58.1679E-9,68.4921E-9,80.4840E-9,94.3861E-9,110.472E-9,595.069,457.530,480.878,502.071,520.986,537.570
475.000E-3,949.986E-12,143.490E-12,161.596E-12,182.753E-12,207.449E-12,236.250E-12,575.249E-9,70.5710E-9,82.9906E-9,97.3982E-9,114.080E-9,133.358E-9,605.534,491.819,513.568,532.951,549.917,564.478
480.000E-3,1.11600E-9,162.927E-12,184.386E-12,209.458E-12,238.723E-12,272.844E-12,686.494E-9,85.6195E-9,100.559E-9,117.868E-9,137.883E-9,160.986E-9,615.139,525.509,545.373,562.727,577.588,590.029
485.000E-3,1.31304E-9,186.070E-12,211.532E-12,241.278E-12,275.990E-12,316.452E-12,819.253E-9,103.878E-9,121.847E-9,142.640E-9,166.654E-9,194.338E-9,623.936,558.273,576.022,591.185,603.841,614.116
490.000E-3,1.54702E-9,213.673E-12,243.918E-12,279.245E-12,320.457E-12,368.479E-12,977.686E-9,126.030E-9,147.642E-9,172.619E-9,201.429E-9,234.601E-9,631.982,589.826,605.293,618.163,628.567,636.672
495.000E-3,1.82497E-9,246.649E-12,282.613E-12,324.606E-12,373.579E-12,430.619E-12,1.16676E-6,152.907E-9,178.899E-9,208.899E-9,243.461E-9,283.205E-9,639.330,619.937,633.018,643.547,651.699,657.669
500.000E-3,2.15530E-9,286.101E-12,328.905E-12,378.866E-12,437.107E-12,504.910E-12,1.39240E-6,185.517E-9,216.774E-9,252.805E-9,294.263E-9,341.880E-9,646.033,648.430,659.078,667.268,673.207,677.111
505.000E-3,2.54801E-9,333.362E-12,384.352E-12,443.841E-12,513.155E-12,593.805E-12,1.66167E-6,225.081E-9,262.668E-9,305.940E-9,355.668E-9,412.711E-9,652.142,675.186,683.405,689.301,693.100,695.028
510.000E-3,3.01505E-9,390.045E-12,450.836E-12,521.723E-12,604.272E-12,700.264E-12,1.98301E-6,273.084E-9,318.279E-9,370.244E-9,429.886E-9,498.218E-9,657.705,700.135,705.975,709.655,711.411,711.472
515.000E-3,3.57063E-9,458.103E-12,530.632E-12,615.160E-12,713.532E-12,827.851E-12,2.36649E-6,331.325E-9,385.663E-9,448.063E-9,519.591E-9,601.441E-9,662.767,723.255,726.799,728.367,728.196,726.509
520.000E-3,4.23173E-9,539.900E-12,626.494E-12,727.350E-12,844.646E-12,980.860E-12,2.82414E-6,401.988E-9,467.315E-9,542.238E-9,628.016E-9,726.050E-9,667.372,744.560,745.921,745.498,743.526,740.217
525.000E-3,5.01859E-9,638.297E-12,741.749E-12,862.156E-12,1.00209E-9,1.16447E-9,3.37028E-6,487.721E-9,566.254E-9,656.208E-9,759.066E-9,876.476E-9,671.558,764.098,763.404,761.125,757.483,752.681
530.000E-3,5.95536E-9,756.759E-12,880.422E-12,1.02425E-9,1.19127E-9,1.38493E-9,4.02202E-6,591.740E-9,686.140E-9,794.133E-9,917.463E-9,1.05807E-6,675.362,781.939,779.331,775.334,770.157,763.986
535.000E-3,7.07081E-9,899.486E-12,1.04738E-9,1.21926E-9,1.41870E-9,1.64976E-9,4.79980E-6,717.942E-9,831.408E-9,961.047E-9,1.10891E-6,1.27728E-6,678.819,798.170,793.794,788.219,781.638,774.221
540.000E-3,8.39930E-9,1.07156E-9,1.24853E-9,1.45403E-9,1.69227E-9,1.96804E-9,5.72797E-6,871.061E-9,1.00743E-6,1.16304E-6,1.34031E-6,1.54191E-6,681.958,812.890,806.893,799.877,792.020,783.473
545.000E-3,9.98179E-9,1.27915E-9,1.49100E-9,1.73678E-9,2.02148E-9,2.35073E-9,6.83562E-6,1.05683E-6,1.22072E-6,1.40749E-6,1.61999E-6,1.86136E-6,684.809,826.203,818.728,810.405,801.391,791.823
550.000E-3,11.8672E-9,1.52971E-9,1.78341E-9,2.07749E-9,2.41781E-9,2.81102E-9,8.15744E-6,1.28223E-6,1.47917E-6,1.70332E-6,1.95804E-6,2.24699E-6,687.397,838.217,829.402,819.896,809.839,799.352
555.000E-3,14.1137E-9,1.83230E-9,2.13624E-9,2.48820E-9,2.89513E-9,3.36486E-9,9.73484E-6,1.55569E-6,1.79233E-6,2.06133E-6,2.36661E-6,2.71252E-6,689.745,849.036,839.012,828.441,817.446,806.133
560.000E-3,16.7909E-9,2.19790E-9,2.56212E-9,2.98350E-9,3.47020E-9,4.03145E-9,11.6172E-6,1.88747E-6,2.17179E-6,2.49457E-6,2.86045E-6,3.27449E-6,691.876,858.764,847.652,836.124,824.288,812.235
565.000E-3,19.9818E-9,2.63979E-9,3.07639E-9,3.58100E-9,4.16325E-9,4.83401E-9,13.8636E-6,2.29001E-6,2.63158E-6,3.01888E-6,3.45732E-6,3.95287E-6,693.809,867.499,855.411,843.027,830.438,817.722
570.000E-3,23.7854E-9,3.17411E-9,3.69760E-9,4.30202E-9,4.99872E-9,5.80050E-9,16.5442E-6,2.77840E-6,3.18871E-6,3.65337E-6,4.17873E-6,4.77180E-6,695.561,875.332,862.372,849.222,835.960,822.653
575.000E-3,28.3198E-9,3.82041E-9,4.44823E-9,5.17235E-9,6.00615E-9,6.96469E-9,19.7431E-6,3.37093E-6,3.86378E-6,4.42120E-6,5.05066E-6,5.76036E-6,697.148,882.349,868.611,854.777,840.916,827.081
580.000E-3,33.7259E-9,4.60239E-9,5.35549E-9,6.22317E-9,7.22121E-9,8.36733E-9,23.5604E-6,4.08983E-6,4.68176E-6,5.35041E-6,6.10452E-6,6.95371E-6,698.586,888.630,874.198,859.756,845.360,831.055
585.000E-3,40.1717E-9,5.54883E-9,6.45236E-9,7.49223E-9,8.68702E-9,10.0576E-9,28.1156E-6,4.96203E-6,5.67291E-6,6.47489E-6,7.37825E-6,8.39426E-6,699.886,894.247,879.198,864.215,849.343,834.619
590.000E-3,47.8580E-9,6.69459E-9,7.77877E-9,9.02516E-9,10.4557E-9,12.0948E-9,33.5514E-6,6.02022E-6,6.87386E-6,7.83568E-6,8.91773E-6,10.1332E-6,701.062,899.266,883.669,868.204,852.909,837.814
595.000E-3,57.0239E-9,8.08197E-9,9.38310E-9,10.8772E-9,12.5901E-9,14.5507E-9,40.0378E-6,7.30406E-6,8.32903E-6,9.48244E-6,10.7784E-6,12.2324E-6,702.124,903.747,887.664,871.772,856.101,840.674
600.000E-3,67.9550E-9,9.76228E-9,11.3239E-9,13.1152E-9,15.1664E-9,17.5115E-9,47.7779E-6,8.86166E-6,10.0922E-6,11.4752E-6,13.0272E-6,14.7663E-6,703.081,907.745,891.229,874.958,858.954,843.233
605.000E-3,80.9921E-9,11.7978E-9,13.6723E-9,15.8199E-9,18.2765E-9,21.0818E-9,57.0137E-6,10.7514E-6,12.2286E-6,13.8868E-6,15.7452E-6,17.8251E-6,703.942,911.307,894.410,877.802,861.502,845.521
610.000E-3,96.5415E-9,14.2639E-9,16.5142E-9,19.0893E-9,22.0314E-9,25.3874E-9,68.0342E-6,13.0441E-6,14.8173E-6,16.8051E-6,19.0302E-6,21.5174E-6,704.715,914.479,897.243,880.338,863.775,847.562
615.000E-3,115.088E-9,17.2523E-9,19.9539E-9,23.0417E-9,26.5655E-9,30.5803E-9,81.1839E-6,15.8256E-6,17.9538E-6,20.3365E-6,23.0004E-6,25.9744E-6,705.406,917.299,899.763,882.595,865.800,849.382
620.000E-3,137.211E-9,20.8741E-9,24.1176E-9,27.8204E-9,32.0410E-9,36.8441E-9,96.8738E-6,19.2001E-6,21.7541E-6,24.6099E-6,27.7987E-6,31.3543E-6,706.023,919.802,902.002,884.600,867.600,851.000
625.000E-3,163.599E-9,25.2641E-9,29.1582E-9,33.5987E-9,38.6540E-9,44.4002E-9,115.594E-6,23.2940E-6,26.3587E-6,29.7812E-6,33.5979E-6,37.8483E-6,706.570,922.021,903.987,886.379,869.197,852.436
630.000E-3,195.077E-9,30.5858E-9,35.2613E-9,40.5863E-9,46.6414E-9,53.5160E-9,137.929E-6,28.2608E-6,31.9377E-6,36.0388E-6,40.6065E-6,45.6870E-6,707.052,923.984,905.743,887.953,870.610,853.707
635.000E-3,232.626E-9,37.0376E-9,42.6514E-9,49.0372E-9,56.2898E-9,64.5141E-9,164.577E-6,34.2863E-6,38.6973E-6,43.6108E-6,49.0766E-6,55.1485E-6,707.474,925.715,907.292,889.342,871.856,854.828
640.000E-3,277.418E-9,44.8603E-9,51.6006E-9,59.2585E-9,67.9453E-9,77.7842E-9,196.367E-6,41.5961E-6,46.8870E-6,52.7733E-6,59.3130E-6,66.5687E-6,707.837,927.237,908.654,890.562,872.951,855.812
645.000E-3,330.849E-9,54.3458E-9,62.4386E-9,71.6218E-9,82.0263E-9,93.7964E-9,234.290E-6,50.4639E-6,56.8095E-6,63.8601E-6,71.6834E-6,80.3527E-6,708.146,928.570,909.846,891.629,873.908,856.672
650.000E-3,394.587E-9,65.8485E-9,75.5650E-9,86.5770E-9,99.0382E-9,113.118E-9,279.527E-6,61.2215E-6,68.8309E-6,77.2749E-6,86.6326E-6,96.9892E-6,708.403,929.732,910.883,892.557,874.739,857.416
655.000E-3,470.617E-9,79.7982E-9,91.4637E-9,104.668E-9,119.592E-9,136.434E-9,333.483E-6,74.2713E-6,83.3949E-6,93.5062E-6,104.698E-6,117.068E-6,708.607,930.738,911.781,893.358,875.454,858.055
660.000E-3,561.308E-9,96.7164E-9,110.721E-9,126.554E-9,144.427E-9,164.571E-9,397.833E-6,90.1013E-6,101.039E-6,113.145E-6,126.527E-6,141.300E-6,708.761,931.603,912.549,894.042,876.063,858.597
665.000E-3,669.481E-9,117.236E-9,134.048E-9,153.031E-9,174.433E-9,198.526E-9,474.571E-6,109.303E-6,122.413E-6,136.905E-6,152.903E-6,170.544E-6,708.864,932.337,913.200,894.618,876.573,859.048
670.000E-3,798.501E-9,142.123E-9,162.305E-9,185.064E-9,210.690E-9,239.504E-9,566.070E-6,132.594E-6,148.305E-6,165.649E-6,184.773E-6,205.833E-6,708.916,932.952,913.741,895.094,876.991,859.414
675.000E-3,952.375E-9,172.310E-9,196.534E-9,223.817E-9,254.499E-9,288.955E-9,675.152E-6,160.844E-6,179.668E-6,200.423E-6,223.278E-6,248.414E-6,708.914,933.457,914.181,895.476,877.322,859.700
680.000E-3,1.13587E-6,208.924E-9,237.998E-9,270.701E-9,307.433E-9,348.631E-9,805.169E-6,195.105E-6,217.655E-6,242.486E-6,269.795E-6,299.791E-6,708.855,933.859,914.526,895.771,877.571,859.908
685.000E-3,1.35467E-6,253.335E-9,288.226E-9,327.422E-9,371.392E-9,420.645E-9,960.108E-6,236.656E-6,263.663E-6,293.364E-6,325.986E-6,361.772E-6,708.737,934.163,914.781,895.981,877.741,860.041
690.000E-3,1.61554E-6,307.201E-9,349.069E-9,396.042E-9,448.668E-9,507.545E-9,1.14469E-3,287.041E-6,319.380E-6,354.897E-6,393.856E-6,436.539E-6,708.553,934.376,914.949,896.109,877.833,860.100
695.000E-3,1.92649E-6,372.536E-9,422.768E-9,479.053E-9,542.032E-9,612.401E-9,1.36453E-3,348.134E-6,386.847E-6,429.307E-6,475.821E-6,526.716E-6,708.298,934.499,915.033,896.157,877.848,860.085
700.000E-3,2.29709E-6,451.776E-9,512.035E-9,579.468E-9,654.823E-9,738.913E-9,1.62626E-3,422.201E-6,468.530E-6,519.276E-6,574.794E-6,635.461E-6,707.963,934.535,915.034,896.124,877.785,859.993
705.000E-3,2.73867E-6,547.877E-9,620.152E-9,700.927E-9,791.073E-9,891.540E-9,1.93771E-3,511.983E-6,567.408E-6,628.037E-6,694.279E-6,766.567E-6,707.538,934.484,914.950,896.010,877.642,859.823
710.000E-3,3.26466E-6,664.416E-9,751.088E-9,847.823E-9,955.641E-9,1.07565E-6,2.30815E-3,620.794E-6,687.080E-6,759.489E-6,838.494E-6,924.595E-6,707.011,934.345,914.780,895.811,877.415,859.569
715.000E-3,3.89100E-6,805.726E-9,909.638E-9,1.02546E-6,1.15439E-6,1.29770E-6,2.74848E-3,752.640E-6,831.882E-6,918.324E-6,1.01251E-3,1.11501E-3,706.368,934.114,914.520,895.522,877.098,859.225
720.000E-3,4.63652E-6,977.048E-9,1.10160E-6,1.24024E-6,1.39436E-6,1.56546E-6,3.27149E-3,912.355E-6,1.00704E-3,1.11019E-3,1.22241E-3,1.34438E-3,705.591,933.787,914.162,895.136,876.683,858.781
725.000E-3,5.52346E-6,1.18472E-6,1.33397E-6,1.49988E-6,1.68406E-6,1.88825E-6,3.89217E-3,1.10577E-3,1.21885E-3,1.34186E-3,1.47551E-3,1.62055E-3,704.662,933.355,913.700,894.643,876.159,858.226
730.000E-3,6.57806E-6,1.43641E-6,1.61519E-6,1.81366E-6,2.03369E-6,2.27729E-6,4.62803E-3,1.33989E-3,1.47487E-3,1.62147E-3,1.78052E-3,1.95288E-3,703.555,932.809,913.121,894.031,875.514,857.546
735.000E-3,7.83117E-6,1.74136E-6,1.95544E-6,2.19277E-6,2.45550E-6,2.74599E-6,5.49940E-3,1.62318E-3,1.78417E-3,1.95877E-3,2.14790E-3,2.35255E-3,702.244,932.135,912.412,893.286,874.731,856.724
740.000E-3,9.31898E-6,2.11072E-6,2.36697E-6,2.65063E-6,2.96421E-6,3.31043E-6,6.52979E-3,1.96575E-3,2.15762E-3,2.36538E-3,2.59010E-3,2.83286E-3,700.698,931.316,911.554,892.387,873.790,855.739
745.000E-3,11.0838E-6,2.55793E-6,2.86449E-6,3.20335E-6,3.57742E-6,3.98982E-6,7.74627E-3,2.37973E-3,2.60819E-3,2.85518E-3,3.12189E-3,3.40956E-3,698.882,930.333,910.526,891.312,872.666,854.564
750.000E-3,13.1750E-6,3.09915E-6,3.46568E-6,3.87023E-6,4.31617E-6,4.80708E-6,9.17975E-3,2.87961E-3,3.15135E-3,3.44464E-3,3.76081E-3,4.10126E-3,696.755,929.161,909.302,890.034,871.331,853.170
755.000E-3,15.6498E-6,3.75377E-6,4.19171E-6,4.67434E-6,5.20555E-6,5.78945E-6,10.8653E-3,3.48263E-3,3.80544E-3,4.15324E-3,4.52753E-3,4.92984E-3,694.274,927.768,907.849,888.519,869.751,851.522
760.000E-3,18.5745E-6,4.54500E-6,5.06785E-6,5.64317E-6,6.27540E-6,6.96926E-6,12.8422E-3,4.20922E-3,4.59214E-3,5.00396E-3,5.44633E-3,5.92094E-3,691.390,926.120,906.132,886.729,867.886,849.579
765.000E-3,22.0252E-6,5.50059E-6,6.12423E-6,6.80937E-6,7.56108E-6,8.38476E-6,15.1544E-3,5.08350E-3,5.53695E-3,6.02370E-3,6.54555E-3,7.10434E-3,688.051,924.174,904.106,884.619,865.689,847.292
770.000E-3,26.0889E-6,6.65354E-6,7.39663E-6,8.21165E-6,9.10437E-6,10.0810E-6,17.8501E-3,6.13377E-3,6.66969E-3,7.24380E-3,7.85806E-3,8.51445E-3,684.202,921.881,901.719,882.137,863.108,844.608
775.000E-3,30.8647E-6,8.04302E-6,8.92735E-6,9.89562E-6,10.9544E-6,12.1107E-6,20.9813E-3,7.39300E-3,8.02493E-3,8.70046E-3,9.42168E-3,10.1907E-3,679.783,919.183,898.916,879.224,860.082,841.466
780.000E-3,36.4648E-6,9.71528E-6,10.7662E-6,11.9148E-6,13.1686E-6,14.5354E-6,24.6038E-3,8.89935E-3,9.64252E-3,10.4352E-3,11.2795E-3,12.1778E-3,674.728,916.016,895.628,875.813,856.544,837.799
785.000E-3,43.0191E-6,11.7247E-6,12.9715E-6,14.3318E-6,15.8140E-6,17.4267E-6,28.7758E-3,10.6965E-3,11.5678E-3,12.4950E-3,13.4802E-3,14.5258E-3,668.906,912.308,891.785,871.831,852.422,833.534
790.000E-3,50.7317E-6,14.1347E-6,15.6113E-6,17.2192E-6,18.9677E-6,20.8667E-6,33.5521E-3,12.8340E-3,13.8520E-3,14.9325E-3,16.0777E-3,17.2901E-3,661.363,907.978,887.305,867.200,847.637,828.595
795.000E-3,60.9789E-6,17.0190E-6,18.7640E-6,20.6604E-6,22.7186E-6,24.9496E-6,38.8924E-3,15.3671E-3,16.5518E-3,17.8058E-3,19.1315E-3,20.5311E-3,637.802,902.940,882.104,861.834,842.108,822.900
800.000E-3,84.8969E-6,20.4625E-6,22.5198E-6,24.7510E-6,27.1678E-6,29.7822E-6,43.8869E-3,18.3570E-3,19.7294E-3,21.1782E-3,22.7055E-3,24.3133E-3,516.944,897.103,876.093,855.649,835.749,816.370
805.000E-3,133.845E-6,24.5622E-6,26.9813E-6,29.5995E-6,32.4296E-6,35.4850E-6,47.6257E-3,21.8696E-3,23.4517E-3,25.1169E-3,26.8672E-3,28.7044E-3,355.827,890.374,869.182,848.558,828.477,808.916
810.000E-3,205.267E-6,29.4282E-6,32.2646E-6,35.3280E-6,38.6332E-6,42.1971E-6,50.7073E-3,25.9752E-3,27.7889E-3,29.6921E-3,31.6863E-3,33.7729E-3,247.031,882.662,861.281,840.468,820.185,800.361
815.000E-3,299.122E-6,35.1841E-6,38.5003E-6,42.0779E-6,45.9468E-6,50.2002E-6,53.5454E-3,30.7463E-3,32.8129E-3,34.9743E-3,37.2302E-3,39.5736E-3,179.009,873.869,852.277,831.181,810.290,788.314
820.000E-3,419.187E-6,41.9738E-6,45.8640E-6,50.1697E-6,55.4067E-6,63.3067E-6,56.3103E-3,36.2556E-3,38.5921E-3,41.0145E-3,43.4666E-3,45.7530E-3,134.332,863.768,841.448,817.516,784.502,722.720
825.000E-3,569.323E-6,50.1772E-6,55.7235E-6,64.5033E-6,78.4095E-6,97.4241E-6,59.0946E-3,42.5465E-3,45.0470E-3,47.2953E-3,49.0885E-3,50.5029E-3,103.798,847.926,808.403,733.224,626.053,518.382
830.000E-3,755.019E-6,66.0842E-6,81.0953E-6,100.941E-6,125.219E-6,154.023E-6,61.9484E-3,48.8756E-3,50.5685E-3,51.9124E-3,53.0433E-3,54.0364E-3,82.0489,739.596,623.569,514.284,423.604,350.833
835.000E-3,982.718E-6,104.811E-6,129.726E-6,159.059E-6,192.934E-6,231.671E-6,64.9045E-3,53.3442E-3,54.4329E-3,55.4022E-3,56.2971E-3,57.1423E-3,66.0459,508.953,419.598,348.313,291.794,246.653
840.000E-3,1.25991E-3,164.458E-6,198.874E-6,238.166E-6,282.439E-6,332.737E-6,67.9853E-3,56.7922E-3,57.6748E-3,58.5145E-3,59.3270E-3,60.1196E-3,53.9605,345.329,290.007,245.688,210.053,180.682
845.000E-3,1.59523E-3,245.125E-6,290.067E-6,341.056E-6,398.221E-6,462.058E-6,71.2068E-3,59.9120E-3,60.7248E-3,61.5218E-3,62.3108E-3,63.0962E-3,44.6375,244.414,209.347,180.386,156.473,136.555
850.000E-3,1.99854E-3,350.003E-6,408.010E-6,472.785E-6,544.869E-6,624.826E-6,74.5802E-3,62.9497E-3,63.7469E-3,64.5426E-3,65.3398E-3,66.1408E-3,37.3173,179.855,156.239,136.516,119.918,105.855
855.000E-3,2.48111E-3,484.375E-6,557.606E-6,638.839E-6,728.675E-6,827.744E-6,78.1126E-3,66.0148E-3,66.8252E-3,67.6409E-3,68.4631E-3,69.2932E-3,31.4830,136.289,119.843,105.881,93.9556,83.7133
860.000E-3,3.05562E-3,654.035E-6,745.426E-6,846.219E-6,957.083E-6,1.07871E-3,81.8078E-3,69.1664E-3,70.0057E-3,70.8538E-3,71.7114E-3,72.5788E-3,26.7729,105.753,93.9137,83.7298,74.9270,67.2829
865.000E-3,3.73635E-3,866.313E-6,979.264E-6,1.10320E-3,1.23885E-3,1.38699E-3,85.6661E-3,72.4390E-3,73.3167E-3,74.2050E-3,75.1042E-3,76.0142E-3,22.9278,83.6176,74.8692,67.2636,60.6241,54.8053
870.000E-3,4.53922E-3,1.12988E-3,1.26831E-3,1.41948E-3,1.58422E-3,1.76334E-3,89.6846E-3,75.8541E-3,76.7759E-3,77.7091E-3,78.6536E-3,79.6091E-3,19.7577,67.1344,60.5342,54.7447,49.6482,45.1468
875.000E-3,5.48186E-3,1.45496E-3,1.62332E-3,1.80641E-3,2.00509E-3,2.22024E-3,93.8566E-3,79.4242E-3,80.3934E-3,81.3740E-3,82.3657E-3,83.3680E-3,17.1213,54.5886,49.5240,45.0474,41.0784,37.5491
880.000E-3,6.58358E-3,1.85349E-3,2.05687E-3,2.27713E-3,2.51521E-3,2.77205E-3,98.1723E-3,83.1551E-3,84.1732E-3,85.2022E-3,86.2414E-3,87.2904E-3,14.9117,44.8640,40.9230,37.4164,34.2879,31.4895
885.000E-3,7.86541E-3,2.33941E-3,2.58351E-3,2.84685E-3,3.13041E-3,3.43518E-3,102.618E-3,87.0469E-3,88.1139E-3,89.1907E-3,90.2767E-3,91.3711E-3,13.0468,37.2089,34.1063,31.3296,28.8386,26.5986
890.000E-3,9.34996E-3,2.92883E-3,3.22001E-3,3.53297E-3,3.86872E-3,4.22828E-3,107.177E-3,91.0939E-3,92.2086E-3,93.3317E-3,94.4625E-3,95.6002E-3,11.4628,31.1025,28.6361,26.4174,24.4170,22.6097
895.000E-3,11.0612E-3,3.64029E-3,3.98558E-3,4.35533E-3,4.75059E-3,5.17238E-3,111.829E-3,95.2853E-3,96.4454E-3,97.6123E-3,98.7851E-3,99.9629E-3,10.1100,26.1752,24.1986,22.4121,20.7943,19.3263
900.000E-3,13.0245E-3,4.49497E-3,4.90202E-3,5.33635E-3,5.79898E-3,6.29094E-3,116.550E-3,99.6047E-3,100.807E-3,102.014E-3,103.226E-3,104.440E-3,8.94854,22.1592,20.5644,19.1169,17.8006,16.6016
905.000E-3,15.2656E-3,5.51682E-3,5.99388E-3,6.50109E-3,7.03943E-3,7.60989E-3,121.315E-3,104.031E-3,105.272E-3,106.515E-3,107.761E-3,109.007E-3,7.94695,18.8570,17.5632,16.3842,15.3082,14.3244
910.000E-3,17.8111E-3,6.73269E-3,7.28848E-3,7.87727E-3,8.49999E-3,9.15756E-3,126.097E-3,108.537E-3,109.812E-3,111.088E-3,112.363E-3,113.636E-3,7.07965,16.1209,15.0665,14.1023,13.2192,12.4090
915.000E-3,20.6872E-3,8.17229E-3,8.81584E-3,9.49515E-3,10.2111E-3,10.9644E-3,130.866E-3,113.092E-3,114.397E-3,115.700E-3,117.000E-3,118.297E-3,6.32592,13.8385,12.9763,12.1852,11.4582,10.7892
920.000E-3,23.9195E-3,9.86802E-3,10.6085E-3,11.3872E-3,12.2051E-3,13.0626E-3,135.594E-3,117.662E-3,118.992E-3,120.318E-3,121.638E-3,122.953E-3,5.66876,11.9236,11.2167,10.5660,9.96624,9.41264
925.000E-3,27.5320E-3,11.8546E-3,12.7009E-3,13.5878E-3,14.5158E-3,15.4856E-3,140.253E-3,122.209E-3,123.560E-3,124.904E-3,126.242E-3,127.571E-3,5.09416,10.3090,9.72844,9.19241,8.69684,8.23808
930.000E-3,31.5471E-3,14.1685E-3,15.1291E-3,16.1321E-3,17.1780E-3,18.2671E-3,144.816E-3,126.695E-3,128.063E-3,129.423E-3,130.774E-3,132.115E-3,4.59047,8.94206,8.46473,8.02270,7.61286,7.23241
935.000E-3,35.9841E-3,16.8469E-3,17.9294E-3,19.0558E-3,20.2261E-3,21.4405E-3,149.260E-3,131.083E-3,132.466E-3,133.838E-3,135.200E-3,136.550E-3,4.14795,7.78082,7.38816,7.02351,6.68443,6.36879
940.000E-3,40.8596E-3,19.9270E-3,21.1379E-3,22.3933E-3,23.6932E-3,25.0376E-3,153.565E-3,135.336E-3,136.732E-3,138.116E-3,139.488E-3,140.846E-3,3.75835,6.79160,6.46859,6.16775,5.88724,5.62538
945.000E-3,46.1863E-3,23.4445E-3,24.7884E-3,26.1771E-3,27.6102E-3,29.0874E-3,157.712E-3,139.425E-3,140.833E-3,142.228E-3,143.609E-3,144.975E-3,3.41470,5.94702,5.68139,5.43329,5.20130,4.98413
950.000E-3,51.9733E-3,27.4321E-3,28.9121E-3,30.4363E-3,32.0042E-3,33.6154E-3,161.691E-3,143.322E-3,144.743E-3,146.149E-3,147.541E-3,148.917E-3,3.11103,5.22461,5.00630,4.80181,4.61004,4.43002
955.000E-3,58.2256E-3,31.9185E-3,33.5356E-3,35.1957E-3,36.8981E-3,38.6423E-3,165.491E-3,147.009E-3,148.444E-3,149.864E-3,151.267E-3,152.655E-3,2.84223,4.60575,4.42645,4.25801,4.09960,3.95045
960.000E-3,64.9445E-3,36.9273E-3,38.6803E-3,40.4746E-3,42.3093E-3,44.1838E-3,169.108E-3,150.472E-3,151.924E-3,153.359E-3,154.778E-3,156.179E-3,2.60388,4.07483,3.92768,3.78903,3.65825,3.53476
965.000E-3,72.1274E-3,42.4758E-3,44.3617E-3,46.2865E-3,48.2494E-3,50.2496E-3,172.540E-3,153.708E-3,155.178E-3,156.632E-3,158.068E-3,159.486E-3,2.39216,3.61871,3.49803,3.38397,3.27607,3.17388
970.000E-3,79.7685E-3,48.5750E-3,50.5888E-3,52.6388E-3,54.7242E-3,56.8442E-3,175.791E-3,156.715E-3,158.208E-3,159.683E-3,161.140E-3,162.578E-3,2.20376,3.22625,3.12734,3.03357,2.94458,2.86006
975.000E-3,87.8591E-3,55.2294E-3,57.3645E-3,59.5328E-3,61.7336E-3,63.9661E-3,178.863E-3,159.502E-3,161.019E-3,162.518E-3,163.999E-3,165.459E-3,2.03579,2.88798,2.80695,2.72990,2.65655,2.58667
980.000E-3,96.3880E-3,62.4371E-3,64.6857E-3,66.9645E-3,69.2726E-3,71.6093E-3,181.764E-3,162.077E-3,163.622E-3,165.148E-3,166.654E-3,168.140E-3,1.88575,2.59584,2.52949,2.46620,2.40577,2.34803
985.000E-3,105.342E-3,70.1908E-3,72.5442E-3,74.9245E-3,77.3311E-3,79.7632E-3,184.501E-3,164.455E-3,166.029E-3,167.584E-3,169.119E-3,170.633E-3,1.75145,2.34297,2.28866,2.23670,2.18694,2.13924
990.000E-3,114.706E-3,78.4782E-3,80.9271E-3,83.3998E-3,85.8956E-3,88.4139E-3,187.084E-3,166.650E-3,168.255E-3,169.841E-3,171.406E-3,172.950E-3,1.63099,2.12352,2.07910,2.03646,1.99551,1.95614
995.000E-3,124.464E-3,87.2835E-3,89.8183E-3,92.3737E-3,94.9493E-3,97.5445E-3,189.523E-3,168.679E-3,170.317E-3,171.934E-3,173.531E-3,175.106E-3,1.52271,1.93254,1.89624,1.86129,1.82761,1.79514
1.00000,134.600E-3,96.5877E-3,99.1986E-3,101.827E-3,104.473E-3,107.136E-3,191.827E-3,170.559E-3,172.229E-3,173.879E-3,175.508E-3,177.115E-3,1.42516,1.76584,1.73620,1.70759,1.67993,1.65318
1.00500,145.097E-3,106.370E-3,109.047E-3,111.740E-3,114.447E-3,117.169E-3,194.006E-3,172.304E-3,174.007E-3,175.690E-3,177.352E-3,178.991E-3,1.33708,1.61986,1.59570,1.57231,1.54964,1.52764
1.01000,155.938E-3,116.607E-3,119.342E-3,122.090E-3,124.849E-3,127.621E-3,196.071E-3,173.930E-3,175.667E-3,177.382E-3,179.076E-3,180.748E-3,1.25737,1.49159,1.47195,1.45288,1.43434,1.41629
1.01500,167.106E-3,127.278E-3,130.061E-3,132.855E-3,135.659E-3,138.472E-3,198.031E-3,175.452E-3,177.220E-3,178.968E-3,180.695E-3,182.399E-3,1.18506,1.37850,1.36259,1.34709,1.33198,1.31723
1.02000,178.584E-3,138.357E-3,141.181E-3,144.013E-3,146.853E-3,149.700E-3,199.894E-3,176.880E-3,178.680E-3,180.460E-3,182.218E-3,183.954E-3,1.11933,1.27843,1.26561,1.25308,1.24082,1.22882
1.02500,190.356E-3,149.824E-3,152.680E-3,155.543E-3,158.411E-3,161.286E-3,201.669E-3,178.228E-3,180.059E-3,181.869E-3,183.659E-3,185.426E-3,1.05943,1.18958,1.17932,1.16926,1.15938,1.14967
1.03000,202.408E-3,161.655E-3,164.536E-3,167.422E-3,170.313E-3,173.207E-3,203.365E-3,179.505E-3,181.365E-3,183.206E-3,185.025E-3,186.822E-3,1.00473,1.11042,1.10228,1.09427,1.08638,1.07860
1.03500,214.723E-3,173.828E-3,176.729E-3,179.632E-3,182.537E-3,185.446E-3,204.987E-3,180.719E-3,182.609E-3,184.478E-3,186.326E-3,188.153E-3,954.660E-3,1.03964,1.03327,1.02698,1.02076,1.01459
1.04000,227.288E-3,186.324E-3,189.237E-3,192.151E-3,195.067E-3,197.984E-3,206.544E-3,181.880E-3,183.797E-3,185.694E-3,187.570E-3,189.425E-3,908.733E-3,976.148E-3,971.253E-3,966.396E-3,961.571E-3,956.768E-3
1.04500,240.089E-3,199.123E-3,202.043E-3,204.962E-3,207.882E-3,210.803E-3,208.041E-3,182.994E-3,184.937E-3,186.861E-3,188.764E-3,190.645E-3,866.514E-3,919.000E-3,915.338E-3,911.685E-3,908.034E-3,904.379E-3
1.05000,253.114E-3,212.207E-3,215.128E-3,218.048E-3,220.967E-3,223.886E-3,209.483E-3,184.068E-3,186.036E-3,187.985E-3,189.914E-3,191.821E-3,827.624E-3,867.399E-3,864.771E-3,862.129E-3,859.467E-3,856.780E-3
1.05500,266.350E-3,225.557E-3,228.475E-3,231.391E-3,234.305E-3,237.218E-3,210.877E-3,185.106E-3,187.098E-3,189.072E-3,191.025E-3,192.957E-3,791.728E-3,820.662E-3,818.901E-3,817.110E-3,815.282E-3,813.415E-3
1.06000,279.786E-3,239.158E-3,242.068E-3,244.976E-3,247.881E-3,250.785E-3,212.226E-3,186.114E-3,188.129E-3,190.125E-3,192.102E-3,194.058E-3,758.529E-3,778.204E-3,777.172E-3,776.098E-3,774.976E-3,773.803E-3
1.06500,293.411E-3,252.995E-3,255.894E-3,258.789E-3,261.682E-3,264.572E-3,213.535E-3,187.096E-3,189.132E-3,191.151E-3,193.150E-3,195.128E-3,727.766E-3,739.523E-3,739.105E-3,738.635E-3,738.110E-3,737.525E-3
1.07000,307.215E-3,267.053E-3,269.936E-3,272.816E-3,275.693E-3,278.566E-3,214.807E-3,188.055E-3,190.112E-3,192.151E-3,194.171E-3,196.172E-3,699.209E-3,704.185E-3,704.283E-3,704.324E-3,704.305E-3,704.220E-3
1.07500,321.188E-3,281.319E-3,284.184E-3,287.045E-3,289.902E-3,292.756E-3,216.047E-3,188.994E-3,191.071E-3,193.130E-3,195.171E-3,197.192E-3,672.650E-3,671.815E-3,672.350E-3,672.822E-3,673.231E-3,673.571E-3
1.08000,335.322E-3,295.780E-3,298.624E-3,301.463E-3,304.298E-3,307.129E-3,217.258E-3,189.917E-3,192.013E-3,194.091E-3,196.151E-3,198.191E-3,647.908E-3,642.089E-3,642.991E-3,643.829E-3,644.601E-3,645.302E-3
1.08500,349.607E-3,310.425E-3,313.245E-3,316.060E-3,318.870E-3,321.677E-3,218.442E-3,190.826E-3,192.939E-3,195.035E-3,197.114E-3,199.173E-3,624.819E-3,614.725E-3,615.936E-3,617.084E-3,618.163E-3,619.171E-3
1.09000,364.037E-3,325.243E-3,328.037E-3,330.825E-3,333.608E-3,336.388E-3,219.601E-3,191.723E-3,193.853E-3,195.966E-3,198.062E-3,200.139E-3,603.239E-3,589.475E-3,590.948E-3,592.356E-3,593.697E-3,594.966E-3
1.09500,378.603E-3,340.224E-3,342.989E-3,345.748E-3,348.503E-3,351.253E-3,220.739E-3,192.609E-3,194.755E-3,196.885E-3,198.998E-3,201.092E-3,583.037E-3,566.125E-3,567.818E-3,569.447E-3,571.008E-3,572.500E-3
1.10000,393.298E-3,355.359E-3,358.093E-3,360.821E-3,363.545E-3,366.264E-3,221.858E-3,193.488E-3,195.649E-3,197.795E-3,199.923E-3,202.034E-3,564.096E-3,544.486E-3,546.364E-3,548.179E-3,549.927E-3,551.607E-3
1.10500,408.116E-3,370.638E-3,373.340E-3,376.036E-3,378.726E-3,381.413E-3,222.959E-3,194.359E-3,196.535E-3,198.696E-3,200.839E-3,202.965E-3,546.313E-3,524.392E-3,526.425E-3,528.396E-3,530.302E-3,532.141E-3
1.11000,423.050E-3,386.053E-3,388.721E-3,391.383E-3,394.039E-3,396.691E-3,224.044E-3,195.225E-3,197.415E-3,199.590E-3,201.748E-3,203.888E-3,529.593E-3,505.695E-3,507.858E-3,509.960E-3,511.999E-3,513.972E-3
1.11500,438.095E-3,401.598E-3,404.230E-3,406.856E-3,409.477E-3,412.093E-3,225.116E-3,196.087E-3,198.290E-3,200.478E-3,202.650E-3,204.805E-3,513.851E-3,488.267E-3,490.537E-3,492.749E-3,494.899E-3,496.986E-3
1.12000,453.246E-3,417.264E-3,419.859E-3,422.448E-3,425.032E-3,427.611E-3,226.175E-3,196.945E-3,199.161E-3,201.362E-3,203.547E-3,205.715E-3,499.011E-3,471.992E-3,474.351E-3,476.654E-3,478.898E-3,481.079E-3
1.12500,468.496E-3,433.045E-3,435.602E-3,438.153E-3,440.698E-3,443.239E-3,227.222E-3,197.801E-3,200.029E-3,202.242E-3,204.440E-3,206.621E-3,485.004E-3,456.768E-3,459.201E-3,461.579E-3,463.899E-3,466.160E-3
1.13000,483.841E-3,448.935E-3,451.452E-3,453.964E-3,456.470E-3,458.972E-3,228.260E-3,198.656E-3,200.895E-3,203.120E-3,205.329E-3,207.522E-3,471.766E-3,442.504E-3,444.996E-3,447.436E-3,449.820E-3,452.146E-3
1.13500,499.276E-3,464.928E-3,467.404E-3,469.876E-3,472.342E-3,474.803E-3,229.288E-3,199.509E-3,201.759E-3,203.995E-3,206.216E-3,208.421E-3,459.242E-3,429.119E-3,431.658E-3,434.147E-3,436.583E-3,438.964E-3
1.14000,514.797E-3,481.017E-3,483.453E-3,485.883E-3,488.308E-3,490.728E-3,230.309E-3,200.363E-3,202.623E-3,204.870E-3,207.102E-3,209.318E-3,447.379E-3,416.539E-3,419.116E-3,421.645E-3,424.122E-3,426.546E-3
1.14500,530.400E-3,497.199E-3,499.592E-3,501.980E-3,504.363E-3,506.742E-3,231.324E-3,201.216E-3,203.487E-3,205.744E-3,207.987E-3,210.214E-3,436.130E-3,404.700E-3,407.306E-3,409.865E-3,412.375E-3,414.833E-3
1.15000,546.081E-3,513.468E-3,515.819E-3,518.164E-3,520.504E-3,522.840E-3,232.332E-3,202.071E-3,204.351E-3,206.618E-3,208.871E-3,211.108E-3,425.453E-3,393.542E-3,396.169E-3,398.751E-3,401.286E-3,403.772E-3
1.15500,561.836E-3,529.820E-3,532.127E-3,534.428E-3,536.725E-3,539.018E-3,233.335E-3,202.928E-3,205.217E-3,207.493E-3,209.756E-3,212.002E-3,415.307E-3,383.012E-3,385.654E-3,388.253E-3,390.806E-3,393.312E-3
1.16000,577.662E-3,546.250E-3,548.512E-3,550.769E-3,553.023E-3,555.272E-3,234.333E-3,203.786E-3,206.084E-3,208.369E-3,210.641E-3,212.897E-3,405.658E-3,373.064E-3,375.715E-3,378.324E-3,380.890E-3,383.410E-3
1.16500,593.555E-3,562.754E-3,564.971E-3,567.184E-3,569.393E-3,571.598E-3,235.328E-3,204.647E-3,206.953E-3,209.247E-3,211.527E-3,213.792E-3,396.472E-3,363.652E-3,366.307E-3,368.923E-3,371.496E-3,374.026E-3
1.17000,609.512E-3,579.329E-3,581.500E-3,583.668E-3,585.832E-3,587.992E-3,236.319E-3,205.510E-3,207.824E-3,210.127E-3,212.415E-3,214.689E-3,387.719E-3,354.738E-3,357.393E-3,360.011E-3,362.588E-3,365.123E-3
1.17500,625.530E-3,595.970E-3,598.096E-3,600.218E-3,602.336E-3,604.451E-3,237.308E-3,206.376E-3,208.698E-3,211.009E-3,213.305E-3,215.587E-3,379.372E-3,346.286E-3,348.938E-3,351.553E-3,354.130E-3,356.666E-3
1.18000,641.606E-3,612.674E-3,614.754E-3,616.830E-3,618.902E-3,620.972E-3,238.295E-3,207.246E-3,209.575E-3,211.893E-3,214.198E-3,216.487E-3,371.404E-3,338.264E-3,340.909E-3,343.520E-3,346.093E-3,348.627E-3
1.18500,657.738E-3,629.439E-3,631.472E-3,633.502E-3,635.528E-3,637.551E-3,239.281E-3,208.119E-3,210.456E-3,212.781E-3,215.092E-3,217.390E-3,363.793E-3,330.642E-3,333.278E-3,335.880E-3,338.447E-3,340.976E-3
1.19000,673.923E-3,646.261E-3,648.247E-3,650.229E-3,652.209E-3,654.186E-3,240.265E-3,208.996E-3,211.339E-3,213.671E-3,215.990E-3,218.295E-3,356.517E-3,323.392E-3,326.017E-3,328.609E-3,331.167E-3,333.689E-3
1.19500,690.158E-3,663.136E-3,665.075E-3,667.011E-3,668.944E-3,670.874E-3,241.248E-3,209.877E-3,212.227E-3,214.566E-3,216.891E-3,219.203E-3,349.555E-3,316.491E-3,319.102E-3,321.682E-3,324.229E-3,326.742E-3
1.20000,706.441E-3,680.064E-3,681.955E-3,683.843E-3,685.729E-3,687.613E-3,242.231E-3,210.762E-3,213.118E-3,215.463E-3,217.796E-3,220.114E-3,342.890E-3,309.915E-3,312.511E-3,315.077E-3,317.612E-3,320.113E-3
1.20500,722.770E-3,697.039E-3,698.883E-3,700.724E-3,702.562E-3,704.399E-3,243.214E-3,211.651E-3,214.014E-3,216.365E-3,218.704E-3,221.028E-3,336.503E-3,303.643E-3,306.223E-3,308.774E-3,311.294E-3,313.782E-3
1.21000,739.143E-3,714.061E-3,715.857E-3,717.650E-3,719.441E-3,721.230E-3,244.198E-3,212.545E-3,214.914E-3,217.271E-3,219.615E-3,221.946E-3,330.380E-3,297.657E-3,300.219E-3,302.753E-3,305.258E-3,307.732E-3
1.21500,755.558E-3,731.127E-3,732.875E-3,734.620E-3,736.363E-3,738.105E-3,245.182E-3,213.444E-3,215.818E-3,218.181E-3,220.531E-3,222.867E-3,324.504E-3,291.938E-3,294.482E-3,296.998E-3,299.487E-3,301.945E-3
1.22000,772.013E-3,748.235E-3,749.934E-3,751.631E-3,753.327E-3,755.021E-3,246.167E-3,214.348E-3,216.727E-3,219.095E-3,221.451E-3,223.793E-3,318.864E-3,286.471E-3,288.995E-3,291.493E-3,293.964E-3,296.406E-3
1.22500,788.505E-3,765.382E-3,767.033E-3,768.682E-3,770.329E-3,771.976E-3,247.153E-3,215.256E-3,217.641E-3,220.014E-3,222.375E-3,224.722E-3,313.445E-3,281.240E-3,283.744E-3,286.223E-3,288.675E-3,291.100E-3
1.23000,805.034E-3,782.567E-3,784.169E-3,785.769E-3,787.369E-3,788.968E-3,248.141E-3,216.170E-3,218.560E-3,220.938E-3,223.304E-3,225.656E-3,308.236E-3,276.232E-3,278.715E-3,281.174E-3,283.608E-3,286.014E-3
1.23500,821.597E-3,799.787E-3,801.340E-3,802.892E-3,804.444E-3,805.995E-3,249.130E-3,217.089E-3,219.483E-3,221.866E-3,224.237E-3,226.594E-3,303.226E-3,271.434E-3,273.895E-3,276.334E-3,278.748E-3,281.136E-3
1.24000,838.193E-3,817.040E-3,818.545E-3,820.049E-3,821.552E-3,823.055E-3,250.121E-3,218.013E-3,220.412E-3,222.800E-3,225.175E-3,227.536E-3,298.405E-3,266.833E-3,269.273E-3,271.691E-3,274.085E-3,276.453E-3
1.24500,854.820E-3,834.326E-3,835.782E-3,837.237E-3,838.692E-3,840.147E-3,251.114E-3,218.943E-3,221.346E-3,223.738E-3,226.117E-3,228.484E-3,293.762E-3,262.419E-3,264.837E-3,267.234E-3,269.607E-3,271.956E-3
1.25000,871.476E-3,851.642E-3,853.049E-3,854.455E-3,855.862E-3,857.269E-3,252.109E-3,219.878E-3,222.285E-3,224.681E-3,227.065E-3,229.435E-3,289.289E-3,258.181E-3,260.577E-3,262.953E-3,265.306E-3,267.635E-3
1.25500,888.161E-3,868.986E-3,870.344E-3,871.702E-3,873.061E-3,874.420E-3,253.106E-3,220.819E-3,223.230E-3,225.630E-3,228.018E-3,230.392E-3,284.978E-3,254.111E-3,256.484E-3,258.838E-3,261.170E-3,263.480E-3
1.26000,904.873E-3,886.357E-3,887.666E-3,888.976E-3,890.286E-3,891.597E-3,254.106E-3,221.765E-3,224.180E-3,226.584E-3,228.975E-3,231.353E-3,280.819E-3,250.198E-3,252.550E-3,254.882E-3,257.193E-3,259.482E-3
1.26500,921.611E-3,903.754E-3,905.014E-3,906.275E-3,907.537E-3,908.800E-3,255.108E-3,222.717E-3,225.135E-3,227.543E-3,229.938E-3,232.320E-3,276.807E-3,246.435E-3,248.764E-3,251.075E-3,253.365E-3,255.633E-3
1.27000,938.373E-3,921.175E-3,922.386E-3,923.598E-3,924.812E-3,926.027E-3,256.114E-3,223.674E-3,226.096E-3,228.507E-3,230.906E-3,233.291E-3,272.934E-3,242.814E-3,245.121E-3,247.410E-3,249.679E-3,251.927E-3
1.27500,955.158E-3,938.618E-3,939.781E-3,940.945E-3,942.110E-3,943.277E-3,257.122E-3,224.638E-3,227.063E-3,229.477E-3,231.879E-3,234.267E-3,269.193E-3,239.328E-3,241.613E-3,243.880E-3,246.127E-3,248.355E-3
1.28000,971.965E-3,956.083E-3,957.197E-3,958.312E-3,959.429E-3,960.549E-3,258.133E-3,225.607E-3,228.035E-3,230.453E-3,232.858E-3,235.249E-3,265.578E-3,235.970E-3,238.232E-3,240.478E-3,242.704E-3,244.911E-3
1.28500,988.792E-3,973.568E-3,974.633E-3,975.700E-3,976.769E-3,977.840E-3,259.147E-3,226.582E-3,229.013E-3,231.434E-3,233.842E-3,236.236E-3,262.084E-3,232.733E-3,234.974E-3,237.198E-3,239.403E-3,241.589E-3
1.29000,1.00564,991.072E-3,992.089E-3,993.107E-3,994.128E-3,995.151E-3,260.164E-3,227.563E-3,229.997E-3,232.420E-3,234.831E-3,237.228E-3,258.705E-3,229.613E-3,231.831E-3,234.033E-3,236.218E-3,238.384E-3
1.29500,1.02251,1.00859,1.00956,1.01053,1.01150,1.01248,261.185E-3,228.550E-3,230.987E-3,233.412E-3,235.826E-3,238.225E-3,255.436E-3,226.602E-3,228.799E-3,230.980E-3,233.143E-3,235.289E-3
1.30000,1.03939,1.02613,1.02705,1.02797,1.02890,1.02983,262.208E-3,229.543E-3,231.982E-3,234.410E-3,236.826E-3,239.228E-3,252.272E-3,223.697E-3,225.872E-3,228.032E-3,230.174E-3,232.299E-3
1.30500,1.05629,1.04369,1.04456,1.04543,1.04631,1.04719,263.235E-3,230.542E-3,232.983E-3,235.414E-3,237.832E-3,240.236E-3,249.208E-3,220.892E-3,223.045E-3,225.184E-3,227.306E-3,229.410E-3
1.31000,1.07321,1.06126,1.06208,1.06290,1.06373,1.06456,264.266E-3,231.546E-3,233.991E-3,236.423E-3,238.843E-3,241.249E-3,246.240E-3,218.182E-3,220.314E-3,222.432E-3,224.533E-3,226.618E-3
1.31500,1.09014,1.07884,1.07961,1.08039,1.08117,1.08195,265.300E-3,232.557E-3,235.004E-3,237.438E-3,239.860E-3,242.268E-3,243.364E-3,215.563E-3,217.674E-3,219.771E-3,221.853E-3,223.917E-3
1.32000,1.10708,1.09643,1.09716,1.09789,1.09862,1.09936,266.337E-3,233.574E-3,236.022E-3,238.459E-3,240.883E-3,243.292E-3,240.576E-3,213.031E-3,215.122E-3,217.198E-3,219.259E-3,221.304E-3
1.32500,1.12404,1.11404,1.11472,1.11540,1.11608,1.11677,267.379E-3,234.597E-3,237.047E-3,239.485E-3,241.911E-3,244.322E-3,237.873E-3,210.583E-3,212.653E-3,214.709E-3,216.750E-3,218.775E-3
1.33000,1.14101,1.13165,1.13228,1.13292,1.13356,1.13420,268.423E-3,235.626E-3,238.078E-3,240.518E-3,242.945E-3,245.357E-3,235.251E-3,208.214E-3,210.264E-3,212.299E-3,214.321E-3,216.326E-3
1.33500,1.15799,1.14928,1.14986,1.15045,1.15104,1.15164,269.471E-3,236.662E-3,239.115E-3,241.556E-3,243.984E-3,246.398E-3,232.706E-3,205.921E-3,207.951E-3,209.967E-3,211.968E-3,213.955E-3
1.34000,1.17498,1.16692,1.16745,1.16799,1.16853,1.16908,270.523E-3,237.703E-3,240.157E-3,242.600E-3,245.029E-3,247.444E-3,230.237E-3,203.702E-3,205.711E-3,207.707E-3,209.690E-3,211.657E-3
1.34500,1.19198,1.18456,1.18505,1.18554,1.18603,1.18654,271.579E-3,238.750E-3,241.206E-3,243.650E-3,246.080E-3,248.496E-3,227.838E-3,201.552E-3,203.541E-3,205.518E-3,207.481E-3,209.429E-3
1.35000,1.20899,1.20221,1.20265,1.20309,1.20354,1.20400,272.638E-3,239.804E-3,242.261E-3,244.705E-3,247.136E-3,249.553E-3,225.509E-3,199.469E-3,201.439E-3,203.396E-3,205.341E-3,207.270E-3
1.35500,1.22601,1.21987,1.22026,1.22066,1.22106,1.22147,273.701E-3,240.863E-3,243.321E-3,245.766E-3,248.198E-3,250.616E-3,223.245E-3,197.450E-3,199.401E-3,201.339E-3,203.265E-3,205.175E-3
1.36000,1.24304,1.23754,1.23788,1.23823,1.23858,1.23895,274.768E-3,241.929E-3,244.387E-3,246.834E-3,249.266E-3,251.684E-3,221.046E-3,195.492E-3,197.424E-3,199.344E-3,201.251E-3,203.144E-3
1.36500,1.26007,1.25520,1.25550,1.25580,1.25611,1.25643,275.839E-3,243.001E-3,245.460E-3,247.907E-3,250.340E-3,252.758E-3,218.907E-3,193.594E-3,195.508E-3,197.409E-3,199.297E-3,201.172E-3
1.37000,1.27711,1.27288,1.27313,1.27338,1.27365,1.27392,276.913E-3,244.078E-3,246.538E-3,248.985E-3,251.419E-3,253.837E-3,216.827E-3,191.753E-3,193.648E-3,195.531E-3,197.401E-3,199.257E-3
1.37500,1.29416,1.29056,1.29076,1.29097,1.29118,1.29141,277.991E-3,245.162E-3,247.623E-3,250.070E-3,252.503E-3,254.922E-3,214.804E-3,189.966E-3,191.843E-3,193.708E-3,195.560E-3,197.398E-3
1.38000,1.31121,1.30824,1.30839,1.30855,1.30872,1.30890,279.073E-3,246.252E-3,248.713E-3,251.160E-3,253.594E-3,256.012E-3,212.836E-3,188.232E-3,190.090E-3,191.937E-3,193.772E-3,195.593E-3
1.38500,1.32827,1.32592,1.32603,1.32615,1.32627,1.32640,280.158E-3,247.348E-3,249.809E-3,252.257E-3,254.690E-3,257.108E-3,210.920E-3,186.548E-3,188.389E-3,190.218E-3,192.035E-3,193.838E-3
1.39000,1.34533,1.34361,1.34367,1.34374,1.34382,1.34390,281.247E-3,248.450E-3,250.911E-3,253.358E-3,255.791E-3,258.209E-3,209.055E-3,184.913E-3,186.736E-3,188.547E-3,190.347E-3,192.133E-3
1.39500,1.36239,1.36129,1.36131,1.36133,1.36137,1.36141,282.340E-3,249.558E-3,252.019E-3,254.466E-3,256.899E-3,259.315E-3,207.238E-3,183.324E-3,185.130E-3,186.924E-3,188.707E-3,190.476E-3
1.40000,1.37946,1.37898,1.37895,1.37893,1.37892,1.37891,283.436E-3,250.672E-3,253.133E-3,255.579E-3,258.011E-3,260.427E-3,205.469E-3,181.781E-3,183.569E-3,185.346E-3,187.112E-3,188.864E-3
1.40500,1.39653,1.39667,1.39659,1.39652,1.39647,1.39642,284.536E-3,251.792E-3,254.252E-3,256.698E-3,259.130E-3,261.545E-3,203.745E-3,180.280E-3,182.052E-3,183.812E-3,185.561E-3,187.297E-3
1.41000,1.41360,1.41436,1.41423,1.41412,1.41402,1.41392,285.640E-3,252.918E-3,255.377E-3,257.823E-3,260.253E-3,262.668E-3,202.066E-3,178.822E-3,180.576E-3,182.320E-3,184.052E-3,185.772E-3
1.41500,1.43067,1.43204,1.43188,1.43172,1.43157,1.43143,286.748E-3,254.050E-3,256.509E-3,258.953E-3,261.383E-3,263.796E-3,200.428E-3,177.404E-3,179.142E-3,180.869E-3,182.585E-3,184.288E-3
1.42000,1.44775,1.44973,1.44952,1.44931,1.44912,1.44894,287.859E-3,255.188E-3,257.646E-3,260.089E-3,262.518E-3,264.929E-3,198.832E-3,176.024E-3,177.746E-3,179.457E-3,181.157E-3,182.844E-3
1.42500,1.46482,1.46741,1.46716,1.46691,1.46667,1.46644,288.973E-3,256.331E-3,258.788E-3,261.231E-3,263.658E-3,266.068E-3,197.275E-3,174.682E-3,176.388E-3,178.083E-3,179.767E-3,181.438E-3
1.43000,1.48190,1.48510,1.48479,1.48450,1.48421,1.48394,290.091E-3,257.481E-3,259.937E-3,262.378E-3,264.803E-3,267.212E-3,195.757E-3,173.377E-3,175.066E-3,176.745E-3,178.413E-3,180.069E-3
1.43500,1.49897,1.50277,1.50243,1.50209,1.50176,1.50144,291.213E-3,258.636E-3,261.091E-3,263.531E-3,265.954E-3,268.361E-3,194.275E-3,172.106E-3,173.779E-3,175.443E-3,177.095E-3,178.735E-3
1.44000,1.51605,1.52045,1.52006,1.51967,1.51930,1.51894,292.338E-3,259.797E-3,262.250E-3,264.689E-3,267.111E-3,269.515E-3,192.829E-3,170.868E-3,172.527E-3,174.175E-3,175.812E-3,177.436E-3
1.44500,1.53312,1.53812,1.53768,1.53726,1.53684,1.53644,293.466E-3,260.964E-3,263.416E-3,265.852E-3,268.272E-3,270.675E-3,191.418E-3,169.664E-3,171.307E-3,172.939E-3,174.561E-3,176.171E-3
1.45000,1.55019,1.55579,1.55531,1.55484,1.55438,1.55393,294.598E-3,262.136E-3,264.587E-3,267.021E-3,269.439E-3,271.840E-3,190.040E-3,168.491E-3,170.118E-3,171.736E-3,173.342E-3,174.937E-3
1.45500,1.56726,1.57345,1.57293,1.57241,1.57191,1.57142,295.733E-3,263.315E-3,265.763E-3,268.196E-3,270.612E-3,273.009E-3,188.694E-3,167.348E-3,168.961E-3,170.563E-3,172.155E-3,173.735E-3
1.46000,1.58432,1.59111,1.59054,1.58998,1.58944,1.58890,296.871E-3,264.498E-3,266.945E-3,269.375E-3,271.789E-3,274.184E-3,187.380E-3,166.235E-3,167.833E-3,169.420E-3,170.997E-3,172.562E-3
1.46500,1.60139,1.60877,1.60815,1.60755,1.60696,1.60638,298.012E-3,265.688E-3,268.132E-3,270.560E-3,272.971E-3,275.364E-3,186.096E-3,165.150E-3,166.733E-3,168.306E-3,169.868E-3,171.419E-3
1.47000,1.61845,1.62641,1.62576,1.62511,1.62448,1.62386,299.157E-3,266.883E-3,269.325E-3,271.751E-3,274.159E-3,276.549E-3,184.842E-3,164.093E-3,165.661E-3,167.220E-3,168.768E-3,170.304E-3
1.47500,1.63551,1.64406,1.64335,1.64267,1.64199,1.64133,300.305E-3,268.083E-3,270.523E-3,272.946E-3,275.352E-3,277.738E-3,183.616E-3,163.062E-3,164.616E-3,166.161E-3,167.694E-3,169.216E-3
1.48000,1.65256,1.66169,1.66095,1.66021,1.65950,1.65879,301.456E-3,269.289E-3,271.726E-3,274.147E-3,276.549E-3,278.932E-3,182.417E-3,162.057E-3,163.597E-3,165.127E-3,166.647E-3,168.154E-3
1.48500,1.66961,1.67932,1.67853,1.67776,1.67700,1.67625,302.609E-3,270.501E-3,272.935E-3,275.352E-3,277.752E-3,280.132E-3,181.246E-3,161.077E-3,162.603E-3,164.119E-3,165.625E-3,167.118E-3
1.49000,1.68666,1.69694,1.69611,1.69529,1.69449,1.69370,303.766E-3,271.717E-3,274.149E-3,276.563E-3,278.959E-3,281.335E-3,180.100E-3,160.122E-3,161.634E-3,163.136E-3,164.627E-3,166.107E-3
1.49500,1.70370,1.71456,1.71368,1.71282,1.71198,1.71114,304.926E-3,272.939E-3,275.368E-3,277.779E-3,280.171E-3,282.544E-3,178.979E-3,159.189E-3,160.688E-3,162.176E-3,163.654E-3,165.120E-3
1.50000,1.72073,1.73216,1.73125,1.73034,1.72946,1.72858,306.088E-3,274.167E-3,276.592E-3,279.000E-3,281.388E-3,283.757E-3,177.883E-3,158.280E-3,159.765E-3,161.239E-3,162.703E-3,164.156E-3
